"date","outlet","smooth_mean","smooth_lower","smooth_upper","smooth_neg_mean","smooth_neg_lower","smooth_neg_upper"
2024-12-30,"ABC News",-8.2696,-8.2696,-8.2696,13.4991,13.4991,13.4991
2024-12-30,"Bloomberg",-11.4104,-11.4104,-11.4104,22.9263,22.9263,22.9263
2024-12-30,"CBS News",-10.5574,-10.5574,-10.5574,13.9439,13.9439,13.9439
2024-12-30,"CNN",-9.6694,-9.6694,-9.6694,14.8455,14.8455,14.8455
2024-12-30,"Fox News",-2.4853,-2.4853,-2.4853,13.4318,13.4318,13.4318
2024-12-30,"Los Angeles Times",-18.1528,-18.1528,-18.1528,22.6136,22.6136,22.6136
2024-12-30,"NBC News",-8.6994,-8.6994,-8.6994,15.1451,15.1451,15.1451
2024-12-30,"NPR",-13.0961,-13.0961,-13.0961,17.1132,17.1132,17.1132
2024-12-30,"New York Times",-12.8744,-12.8744,-12.8744,19.0969,19.0969,19.0969
2024-12-30,"Reuters",-6.1962,-6.1962,-6.1962,17.0631,17.0631,17.0631
2024-12-30,"USA Today",-6.6686,-6.6686,-6.6686,13.7062,13.7062,13.7062
2025-01-06,"ABC News",-9.1099,-9.1099,-9.1099,14.3867,14.3867,14.3867
2025-01-06,"Bloomberg",-11.5779,-11.5779,-11.5779,22.777,22.777,22.777
2025-01-06,"CBS News",-10.9871,-10.9871,-10.9871,14.4079,14.4079,14.4079
2025-01-06,"CNN",-10.8859,-10.8859,-10.8859,16.04,16.04,16.04
2025-01-06,"Fox News",-2.6284,-2.6284,-2.6284,13.5913,13.5913,13.5913
2025-01-06,"Los Angeles Times",-18.6729,-18.6729,-18.6729,23.3434,23.3434,23.3434
2025-01-06,"NBC News",-9.8625,-9.8625,-9.8625,16.0153,16.0153,16.0153
2025-01-06,"NPR",-14.2375,-14.2375,-14.2375,18.3882,18.3882,18.3882
2025-01-06,"New York Times",-13.5062,-13.5062,-13.5062,19.9144,19.9144,19.9144
2025-01-06,"Reuters",-6.7144,-6.7144,-6.7144,17.3814,17.3814,17.3814
2025-01-06,"USA Today",-7.9289,-7.9289,-7.9289,14.8807,14.8807,14.8807
2025-01-13,"ABC News",-9.9077,-9.9077,-9.9077,15.2324,15.2324,15.2324
2025-01-13,"Bloomberg",-11.7662,-11.7662,-11.7662,22.6169,22.6169,22.6169
2025-01-13,"CBS News",-11.4087,-11.4087,-11.4087,14.8655,14.8655,14.8655
2025-01-13,"CNN",-12.0981,-12.0981,-12.0981,17.234,17.234,17.234
2025-01-13,"Fox News",-2.8541,-2.8541,-2.8541,13.7874,13.7874,13.7874
2025-01-13,"Los Angeles Times",-19.0874,-19.0874,-19.0874,23.9666,23.9666,23.9666
2025-01-13,"NBC News",-11.0274,-11.0274,-11.0274,16.889,16.889,16.889
2025-01-13,"NPR",-15.3575,-15.3575,-15.3575,19.6191,19.6191,19.6191
2025-01-13,"New York Times",-14.1507,-14.1507,-14.1507,20.7088,20.7088,20.7088
2025-01-13,"Reuters",-7.2426,-7.2426,-7.2426,17.7089,17.7089,17.7089
2025-01-13,"USA Today",-9.1773,-9.1773,-9.1773,16.03,16.03,16.03
2025-01-20,"ABC News",-10.6803,-10.6803,-10.6803,16.0532,16.0532,16.0532
2025-01-20,"Bloomberg",-11.973,-11.973,-11.973,22.4519,22.4519,22.4519
2025-01-20,"CBS News",-11.7851,-11.7851,-11.7851,15.2789,15.2789,15.2789
2025-01-20,"CNN",-13.282,-13.282,-13.282,18.3996,18.3996,18.3996
2025-01-20,"Fox News",-3.0906,-3.0906,-3.0906,13.98,13.98,13.98
2025-01-20,"Los Angeles Times",-19.4265,-19.4265,-19.4265,24.5305,24.5305,24.5305
2025-01-20,"NBC News",-12.1455,-12.1455,-12.1455,17.7402,17.7402,17.7402
2025-01-20,"NPR",-16.4605,-16.4605,-16.4605,20.8265,20.8265,20.8265
2025-01-20,"New York Times",-14.7508,-14.7508,-14.7508,21.4528,21.4528,21.4528
2025-01-20,"Reuters",-7.7618,-7.7618,-7.7618,18.0255,18.0255,18.0255
2025-01-20,"USA Today",-10.4055,-10.4055,-10.4055,17.151,17.151,17.151
2025-01-27,"ABC News",-11.4027,-11.4027,-11.4027,16.8408,16.8408,16.8408
2025-01-27,"Bloomberg",-12.1363,-12.1363,-12.1363,22.2852,22.2852,22.2852
2025-01-27,"CBS News",-12.1707,-12.1707,-12.1707,15.696,15.696,15.696
2025-01-27,"CNN",-14.4663,-14.4663,-14.4663,19.5626,19.5626,19.5626
2025-01-27,"Fox News",-3.3937,-3.3937,-3.3937,14.1985,14.1985,14.1985
2025-01-27,"Los Angeles Times",-19.7084,-19.7084,-19.7084,25.0141,25.0141,25.0141
2025-01-27,"NBC News",-13.2689,-13.2689,-13.2689,18.5865,18.5865,18.5865
2025-01-27,"NPR",-17.542,-17.542,-17.542,21.9883,21.9883,21.9883
2025-01-27,"New York Times",-15.3575,-15.3575,-15.3575,22.1714,22.1714,22.1714
2025-01-27,"Reuters",-8.2939,-8.2939,-8.2939,18.3509,18.3509,18.3509
2025-01-27,"USA Today",-11.6213,-11.6213,-11.6213,18.247,18.247,18.247
2025-02-03,"ABC News",-12.0776,-12.0776,-12.0776,17.577,17.577,17.577
2025-02-03,"Bloomberg",-12.3669,-12.3669,-12.3669,22.1151,22.1151,22.1151
2025-02-03,"CBS News",-12.5751,-12.5751,-12.5751,16.1126,16.1126,16.1126
2025-02-03,"CNN",-15.6602,-15.6602,-15.6602,20.7092,20.7092,20.7092
2025-02-03,"Fox News",-3.5982,-3.5982,-3.5982,14.3428,14.3428,14.3428
2025-02-03,"Los Angeles Times",-20.1005,-20.1005,-20.1005,25.5963,25.5963,25.5963
2025-02-03,"NBC News",-14.3607,-14.3607,-14.3607,19.3887,19.3887,19.3887
2025-02-03,"NPR",-18.6306,-18.6306,-18.6306,23.187,23.187,23.187
2025-02-03,"New York Times",-15.9153,-15.9153,-15.9153,22.8773,22.8773,22.8773
2025-02-03,"Reuters",-8.8298,-8.8298,-8.8298,18.6656,18.6656,18.6656
2025-02-03,"USA Today",-12.8224,-12.8224,-12.8224,19.3324,19.3324,19.3324
2025-02-10,"ABC News",-12.6999,-12.6999,-12.6999,18.2444,18.2444,18.2444
2025-02-10,"Bloomberg",-12.7157,-12.7157,-12.7157,21.9956,21.9956,21.9956
2025-02-10,"CBS News",-13.0084,-13.0084,-13.0084,16.5475,16.5475,16.5475
2025-02-10,"CNN",-16.8596,-16.8596,-16.8596,21.8552,21.8552,21.8552
2025-02-10,"Fox News",-4.032,-4.032,-4.032,14.5958,14.5958,14.5958
2025-02-10,"Los Angeles Times",-20.3059,-20.3059,-20.3059,25.9211,25.9211,25.9211
2025-02-10,"NBC News",-15.4746,-15.4746,-15.4746,20.1901,20.1901,20.1901
2025-02-10,"NPR",-19.6453,-19.6453,-19.6453,24.2289,24.2289,24.2289
2025-02-10,"New York Times",-16.5206,-16.5206,-16.5206,23.522,23.522,23.522
2025-02-10,"Reuters",-9.4167,-9.4167,-9.4167,19.0155,19.0155,19.0155
2025-02-10,"USA Today",-13.9923,-13.9923,-13.9923,20.3456,20.3456,20.3456
2025-02-17,"ABC News",-13.1283,-13.1283,-13.1283,18.7096,18.7096,18.7096
2025-02-17,"Bloomberg",-13.0528,-13.0528,-13.0528,21.8759,21.8759,21.8759
2025-02-17,"CBS News",-13.5902,-13.5902,-13.5902,17.1126,17.1126,17.1126
2025-02-17,"CNN",-18.0327,-18.0327,-18.0327,22.9266,22.9266,22.9266
2025-02-17,"Fox News",-4.9164,-4.9164,-4.9164,15.1026,15.1026,15.1026
2025-02-17,"Los Angeles Times",-20.1669,-20.1669,-20.1669,25.7505,25.7505,25.7505
2025-02-17,"NBC News",-16.4414,-16.4414,-16.4414,20.8501,20.8501,20.8501
2025-02-17,"NPR",-20.4849,-20.4849,-20.4849,24.9561,24.9561,24.9561
2025-02-17,"New York Times",-17.3111,-17.3111,-17.3111,24.1131,24.1131,24.1131
2025-02-17,"Reuters",-10.1743,-10.1743,-10.1743,19.4346,19.4346,19.4346
2025-02-17,"USA Today",-15.1184,-15.1184,-15.1184,21.2192,21.2192,21.2192
2025-02-24,"ABC News",-13.4562,-13.4562,-13.4562,19.0304,19.0304,19.0304
2025-02-24,"Bloomberg",-13.4152,-13.4152,-13.4152,21.8308,21.8308,21.8308
2025-02-24,"CBS News",-14.0632,-14.0632,-14.0632,17.5486,17.5486,17.5486
2025-02-24,"CNN",-19.0341,-19.0341,-19.0341,23.7728,23.7728,23.7728
2025-02-24,"Fox News",-5.8573,-5.8573,-5.8573,15.6155,15.6155,15.6155
2025-02-24,"Los Angeles Times",-19.8177,-19.8177,-19.8177,25.3489,25.3489,25.3489
2025-02-24,"NBC News",-16.9607,-16.9607,-16.9607,21.1893,21.1893,21.1893
2025-02-24,"NPR",-21.1766,-21.1766,-21.1766,25.5253,25.5253,25.5253
2025-02-24,"New York Times",-17.9704,-17.9704,-17.9704,24.4892,24.4892,24.4892
2025-02-24,"Reuters",-10.9707,-10.9707,-10.9707,19.8111,19.8111,19.8111
2025-02-24,"USA Today",-16.1645,-16.1645,-16.1645,21.9561,21.9561,21.9561
2025-03-03,"ABC News",-13.6088,-13.6088,-13.6088,19.1096,19.1096,19.1096
2025-03-03,"Bloomberg",-13.7059,-13.7059,-13.7059,21.9454,21.9454,21.9454
2025-03-03,"CBS News",-14.1718,-14.1718,-14.1718,17.6959,17.6959,17.6959
2025-03-03,"CNN",-19.8,-19.8,-19.8,24.4444,24.4444,24.4444
2025-03-03,"Fox News",-6.7687,-6.7687,-6.7687,16.1106,16.1106,16.1106
2025-03-03,"Los Angeles Times",-19.4505,-19.4505,-19.4505,25.0262,25.0262,25.0262
2025-03-03,"NBC News",-17.3489,-17.3489,-17.3489,21.4891,21.4891,21.4891
2025-03-03,"NPR",-21.7177,-21.7177,-21.7177,26.0223,26.0223,26.0223
2025-03-03,"New York Times",-18.6317,-18.6317,-18.6317,24.8239,24.8239,24.8239
2025-03-03,"Reuters",-11.4509,-11.4509,-11.4509,20.1238,20.1238,20.1238
2025-03-03,"USA Today",-17.1335,-17.1335,-17.1335,22.645,22.645,22.645
2025-03-10,"ABC News",-13.514,-13.514,-13.514,19.0079,19.0079,19.0079
2025-03-10,"Bloomberg",-13.8693,-13.8693,-13.8693,22.1389,22.1389,22.1389
2025-03-10,"CBS News",-14.1906,-14.1906,-14.1906,17.7695,17.7695,17.7695
2025-03-10,"CNN",-20.4592,-20.4592,-20.4592,24.9611,24.9611,24.9611
2025-03-10,"Fox News",-7.5631,-7.5631,-7.5631,16.555,16.555,16.555
2025-03-10,"Los Angeles Times",-19.4645,-19.4645,-19.4645,25.0461,25.0461,25.0461
2025-03-10,"NBC News",-17.4238,-17.4238,-17.4238,21.5779,21.5779,21.5779
2025-03-10,"NPR",-22.0909,-22.0909,-22.0909,26.4401,26.4401,26.4401
2025-03-10,"New York Times",-19.407,-19.407,-19.407,25.2489,25.2489,25.2489
2025-03-10,"Reuters",-11.7894,-11.7894,-11.7894,20.4011,20.4011,20.4011
2025-03-10,"USA Today",-18.0376,-18.0376,-18.0376,23.2869,23.2869,23.2869
2025-03-17,"ABC News",-13.4285,-13.4285,-13.4285,18.9584,18.9584,18.9584
2025-03-17,"Bloomberg",-14.0105,-14.0105,-14.0105,22.5573,22.5573,22.5573
2025-03-17,"CBS News",-14.1588,-14.1588,-14.1588,17.749,17.749,17.749
2025-03-17,"CNN",-20.915,-20.915,-20.915,25.2012,25.2012,25.2012
2025-03-17,"Fox News",-8.2702,-8.2702,-8.2702,16.8511,16.8511,16.8511
2025-03-17,"Los Angeles Times",-19.7681,-19.7681,-19.7681,25.2897,25.2897,25.2897
2025-03-17,"NBC News",-17.2005,-17.2005,-17.2005,21.4497,21.4497,21.4497
2025-03-17,"NPR",-22.303,-22.303,-22.303,26.6546,26.6546,26.6546
2025-03-17,"New York Times",-19.9862,-19.9862,-19.9862,25.4695,25.4695,25.4695
2025-03-17,"Reuters",-11.8154,-11.8154,-11.8154,20.5201,20.5201,20.5201
2025-03-17,"USA Today",-18.6815,-18.6815,-18.6815,23.6514,23.6514,23.6514
2025-03-24,"ABC News",-13.2878,-13.2878,-13.2878,18.8522,18.8522,18.8522
2025-03-24,"Bloomberg",-14.021,-14.021,-14.021,22.8875,22.8875,22.8875
2025-03-24,"CBS News",-14.0952,-14.0952,-14.0952,17.7102,17.7102,17.7102
2025-03-24,"CNN",-21.1721,-21.1721,-21.1721,25.2264,25.2264,25.2264
2025-03-24,"Fox News",-8.7901,-8.7901,-8.7901,17.0457,17.0457,17.0457
2025-03-24,"Los Angeles Times",-20.1192,-20.1192,-20.1192,25.5606,25.5606,25.5606
2025-03-24,"NBC News",-16.7283,-16.7283,-16.7283,21.0759,21.0759,21.0759
2025-03-24,"NPR",-22.3455,-22.3455,-22.3455,26.7416,26.7416,26.7416
2025-03-24,"New York Times",-20.3652,-20.3652,-20.3652,25.5746,25.5746,25.5746
2025-03-24,"Reuters",-11.8153,-11.8153,-11.8153,20.5856,20.5856,20.5856
2025-03-24,"USA Today",-19.0931,-19.0931,-19.0931,23.9159,23.9159,23.9159
2025-03-31,"ABC News",-13.1863,-13.1863,-13.1863,18.8453,18.8453,18.8453
2025-03-31,"Bloomberg",-13.7261,-13.7261,-13.7261,22.987,22.987,22.987
2025-03-31,"CBS News",-13.8282,-13.8282,-13.8282,17.5263,17.5263,17.5263
2025-03-31,"CNN",-21.0965,-21.0965,-21.0965,25.0197,25.0197,25.0197
2025-03-31,"Fox News",-9.0488,-9.0488,-9.0488,17.0678,17.0678,17.0678
2025-03-31,"Los Angeles Times",-20.5391,-20.5391,-20.5391,25.9808,25.9808,25.9808
2025-03-31,"NBC News",-16.1821,-16.1821,-16.1821,20.5972,20.5972,20.5972
2025-03-31,"NPR",-22.2575,-22.2575,-22.2575,26.7537,26.7537,26.7537
2025-03-31,"New York Times",-20.5111,-20.5111,-20.5111,25.5434,25.5434,25.5434
2025-03-31,"Reuters",-11.4225,-11.4225,-11.4225,20.5014,20.5014,20.5014
2025-03-31,"USA Today",-19.1477,-19.1477,-19.1477,23.9909,23.9909,23.9909
2025-04-07,"ABC News",-13.2017,-13.2017,-13.2017,18.8759,18.8759,18.8759
2025-04-07,"Bloomberg",-13.2328,-13.2328,-13.2328,22.9897,22.9897,22.9897
2025-04-07,"CBS News",-13.4301,-13.4301,-13.4301,17.2758,17.2758,17.2758
2025-04-07,"CNN",-20.7512,-20.7512,-20.7512,24.6963,24.6963,24.6963
2025-04-07,"Fox News",-9.1011,-9.1011,-9.1011,17.0869,17.0869,17.0869
2025-04-07,"Los Angeles Times",-20.9445,-20.9445,-20.9445,26.4999,26.4999,26.4999
2025-04-07,"NBC News",-15.6626,-15.6626,-15.6626,20.085,20.085,20.085
2025-04-07,"NPR",-22.0614,-22.0614,-22.0614,26.7261,26.7261,26.7261
2025-04-07,"New York Times",-20.5367,-20.5367,-20.5367,25.5215,25.5215,25.5215
2025-04-07,"Reuters",-10.8904,-10.8904,-10.8904,20.3105,20.3105,20.3105
2025-04-07,"USA Today",-19.0011,-19.0011,-19.0011,24.0311,24.0311,24.0311
2025-04-14,"ABC News",-13.2867,-13.2867,-13.2867,19.0231,19.0231,19.0231
2025-04-14,"Bloomberg",-12.6782,-12.6782,-12.6782,22.7997,22.7997,22.7997
2025-04-14,"CBS News",-12.875,-12.875,-12.875,16.8808,16.8808,16.8808
2025-04-14,"CNN",-20.1463,-20.1463,-20.1463,24.2226,24.2226,24.2226
2025-04-14,"Fox News",-8.9998,-8.9998,-8.9998,17.0167,17.0167,17.0167
2025-04-14,"Los Angeles Times",-21.285,-21.285,-21.285,26.9954,26.9954,26.9954
2025-04-14,"NBC News",-14.9887,-14.9887,-14.9887,19.4572,19.4572,19.4572
2025-04-14,"NPR",-21.6913,-21.6913,-21.6913,26.5153,26.5153,26.5153
2025-04-14,"New York Times",-20.1267,-20.1267,-20.1267,25.2305,25.2305,25.2305
2025-04-14,"Reuters",-10.0677,-10.0677,-10.0677,19.9302,19.9302,19.9302
2025-04-14,"USA Today",-18.4503,-18.4503,-18.4503,23.7924,23.7924,23.7924
2025-04-21,"ABC News",-13.3207,-13.3207,-13.3207,19.1413,19.1413,19.1413
2025-04-21,"Bloomberg",-12.2954,-12.2954,-12.2954,22.6892,22.6892,22.6892
2025-04-21,"CBS News",-12.2504,-12.2504,-12.2504,16.3987,16.3987,16.3987
2025-04-21,"CNN",-19.6946,-19.6946,-19.6946,23.891,23.891,23.891
2025-04-21,"Fox News",-8.956,-8.956,-8.956,16.9579,16.9579,16.9579
2025-04-21,"Los Angeles Times",-21.8605,-21.8605,-21.8605,27.6757,27.6757,27.6757
2025-04-21,"NBC News",-14.5108,-14.5108,-14.5108,19.0744,19.0744,19.0744
2025-04-21,"NPR",-21.3158,-21.3158,-21.3158,26.3457,26.3457,26.3457
2025-04-21,"New York Times",-19.7698,-19.7698,-19.7698,25.05,25.05,25.05
2025-04-21,"Reuters",-9.1378,-9.1378,-9.1378,19.5605,19.5605,19.5605
2025-04-21,"USA Today",-17.8492,-17.8492,-17.8492,23.4272,23.4272,23.4272
2025-04-28,"ABC News",-13.1993,-13.1993,-13.1993,19.2027,19.2027,19.2027
2025-04-28,"Bloomberg",-11.8354,-11.8354,-11.8354,22.3441,22.3441,22.3441
2025-04-28,"CBS News",-11.6369,-11.6369,-11.6369,15.8813,15.8813,15.8813
2025-04-28,"CNN",-19.3143,-19.3143,-19.3143,23.6302,23.6302,23.6302
2025-04-28,"Fox News",-8.956,-8.956,-8.956,16.947,16.947,16.947
2025-04-28,"Los Angeles Times",-22.2163,-22.2163,-22.2163,28.1008,28.1008,28.1008
2025-04-28,"NBC News",-14.0824,-14.0824,-14.0824,18.7132,18.7132,18.7132
2025-04-28,"NPR",-20.8723,-20.8723,-20.8723,26.0981,26.0981,26.0981
2025-04-28,"New York Times",-19.1608,-19.1608,-19.1608,24.7279,24.7279,24.7279
2025-04-28,"Reuters",-8.4341,-8.4341,-8.4341,19.187,19.187,19.187
2025-04-28,"USA Today",-17.1535,-17.1535,-17.1535,22.903,22.903,22.903
2025-05-05,"ABC News",-13.0012,-13.0012,-13.0012,19.119,19.119,19.119
2025-05-05,"Bloomberg",-11.0905,-11.0905,-11.0905,21.5843,21.5843,21.5843
2025-05-05,"CBS News",-11.0206,-11.0206,-11.0206,15.2748,15.2748,15.2748
2025-05-05,"CNN",-18.7042,-18.7042,-18.7042,23.148,23.148,23.148
2025-05-05,"Fox News",-8.9528,-8.9528,-8.9528,16.8617,16.8617,16.8617
2025-05-05,"Los Angeles Times",-22.2178,-22.2178,-22.2178,28.1078,28.1078,28.1078
2025-05-05,"NBC News",-13.5784,-13.5784,-13.5784,18.2149,18.2149,18.2149
2025-05-05,"NPR",-20.3234,-20.3234,-20.3234,25.5942,25.5942,25.5942
2025-05-05,"New York Times",-18.1444,-18.1444,-18.1444,24.0023,24.0023,24.0023
2025-05-05,"Reuters",-7.7036,-7.7036,-7.7036,18.7033,18.7033,18.7033
2025-05-05,"USA Today",-16.2287,-16.2287,-16.2287,22.1636,22.1636,22.1636
2025-05-12,"ABC News",-12.8229,-12.8229,-12.8229,18.9422,18.9422,18.9422
2025-05-12,"Bloomberg",-10.4726,-10.4726,-10.4726,20.8597,20.8597,20.8597
2025-05-12,"CBS News",-10.4272,-10.4272,-10.4272,14.6532,14.6532,14.6532
2025-05-12,"CNN",-18.1861,-18.1861,-18.1861,22.7615,22.7615,22.7615
2025-05-12,"Fox News",-9.0723,-9.0723,-9.0723,16.8875,16.8875,16.8875
2025-05-12,"Los Angeles Times",-22.1255,-22.1255,-22.1255,27.952,27.952,27.952
2025-05-12,"NBC News",-13.2695,-13.2695,-13.2695,17.893,17.893,17.893
2025-05-12,"NPR",-19.7956,-19.7956,-19.7956,25.0748,25.0748,25.0748
2025-05-12,"New York Times",-17.2342,-17.2342,-17.2342,23.3529,23.3529,23.3529
2025-05-12,"Reuters",-7.2044,-7.2044,-7.2044,18.2968,18.2968,18.2968
2025-05-12,"USA Today",-15.4291,-15.4291,-15.4291,21.4946,21.4946,21.4946
2025-05-19,"ABC News",-12.6193,-12.6193,-12.6193,18.74,18.74,18.74
2025-05-19,"Bloomberg",-10.0928,-10.0928,-10.0928,20.343,20.343,20.343
2025-05-19,"CBS News",-9.8762,-9.8762,-9.8762,14.1217,14.1217,14.1217
2025-05-19,"CNN",-17.506,-17.506,-17.506,22.3999,22.3999,22.3999
2025-05-19,"Fox News",-9.1232,-9.1232,-9.1232,16.9648,16.9648,16.9648
2025-05-19,"Los Angeles Times",-21.8995,-21.8995,-21.8995,27.7123,27.7123,27.7123
2025-05-19,"NBC News",-12.807,-12.807,-12.807,17.543,17.543,17.543
2025-05-19,"NPR",-19.1038,-19.1038,-19.1038,24.4811,24.4811,24.4811
2025-05-19,"New York Times",-16.4402,-16.4402,-16.4402,22.8252,22.8252,22.8252
2025-05-19,"Reuters",-6.7647,-6.7647,-6.7647,17.8584,17.8584,17.8584
2025-05-19,"USA Today",-14.6662,-14.6662,-14.6662,20.9708,20.9708,20.9708
2025-05-26,"ABC News",-12.5312,-12.5312,-12.5312,18.659,18.659,18.659
2025-05-26,"Bloomberg",-9.8645,-9.8645,-9.8645,20.0203,20.0203,20.0203
2025-05-26,"CBS News",-9.4267,-9.4267,-9.4267,13.6975,13.6975,13.6975
2025-05-26,"CNN",-16.9989,-16.9989,-16.9989,22.2189,22.2189,22.2189
2025-05-26,"Fox News",-9.1932,-9.1932,-9.1932,17.1361,17.1361,17.1361
2025-05-26,"Los Angeles Times",-21.7822,-21.7822,-21.7822,27.5958,27.5958,27.5958
2025-05-26,"NBC News",-12.6016,-12.6016,-12.6016,17.3905,17.3905,17.3905
2025-05-26,"NPR",-18.4915,-18.4915,-18.4915,24.0116,24.0116,24.0116
2025-05-26,"New York Times",-15.9401,-15.9401,-15.9401,22.6206,22.6206,22.6206
2025-05-26,"Reuters",-6.5133,-6.5133,-6.5133,17.5469,17.5469,17.5469
2025-05-26,"USA Today",-14.0424,-14.0424,-14.0424,20.5597,20.5597,20.5597
2025-06-02,"ABC News",-12.4881,-12.4881,-12.4881,18.6323,18.6323,18.6323
2025-06-02,"Bloomberg",-9.743,-9.743,-9.743,19.8586,19.8586,19.8586
2025-06-02,"CBS News",-9.1468,-9.1468,-9.1468,13.421,13.421,13.421
2025-06-02,"CNN",-16.4282,-16.4282,-16.4282,22.0268,22.0268,22.0268
2025-06-02,"Fox News",-9.2144,-9.2144,-9.2144,17.2369,17.2369,17.2369
2025-06-02,"Los Angeles Times",-21.6133,-21.6133,-21.6133,27.4505,27.4505,27.4505
2025-06-02,"NBC News",-12.4404,-12.4404,-12.4404,17.2674,17.2674,17.2674
2025-06-02,"NPR",-17.9334,-17.9334,-17.9334,23.5915,23.5915,23.5915
2025-06-02,"New York Times",-15.6788,-15.6788,-15.6788,22.5846,22.5846,22.5846
2025-06-02,"Reuters",-6.2672,-6.2672,-6.2672,17.3175,17.3175,17.3175
2025-06-02,"USA Today",-13.4666,-13.4666,-13.4666,20.2641,20.2641,20.2641
2025-06-09,"ABC News",-12.3764,-12.3764,-12.3764,18.5015,18.5015,18.5015
2025-06-09,"Bloomberg",-9.6517,-9.6517,-9.6517,19.8354,19.8354,19.8354
2025-06-09,"CBS News",-9.0766,-9.0766,-9.0766,13.2368,13.2368,13.2368
2025-06-09,"CNN",-16.1751,-16.1751,-16.1751,21.9617,21.9617,21.9617
2025-06-09,"Fox News",-9.273,-9.273,-9.273,17.224,17.224,17.224
2025-06-09,"Los Angeles Times",-21.4727,-21.4727,-21.4727,27.2665,27.2665,27.2665
2025-06-09,"NBC News",-12.5422,-12.5422,-12.5422,17.3665,17.3665,17.3665
2025-06-09,"NPR",-17.9478,-17.9478,-17.9478,23.5043,23.5043,23.5043
2025-06-09,"New York Times",-15.6387,-15.6387,-15.6387,22.6195,22.6195,22.6195
2025-06-09,"Reuters",-6.1413,-6.1413,-6.1413,17.2492,17.2492,17.2492
2025-06-09,"USA Today",-13.0673,-13.0673,-13.0673,20.0213,20.0213,20.0213
2025-06-16,"ABC News",-12.3981,-12.3981,-12.3981,18.4451,18.4451,18.4451
2025-06-16,"Bloomberg",-9.5403,-9.5403,-9.5403,19.8114,19.8114,19.8114
2025-06-16,"CBS News",-9.1514,-9.1514,-9.1514,13.178,13.178,13.178
2025-06-16,"CNN",-15.9477,-15.9477,-15.9477,21.8857,21.8857,21.8857
2025-06-16,"Fox News",-9.1506,-9.1506,-9.1506,17.0418,17.0418,17.0418
2025-06-16,"Los Angeles Times",-21.2971,-21.2971,-21.2971,27.1315,27.1315,27.1315
2025-06-16,"NBC News",-12.5979,-12.5979,-12.5979,17.4271,17.4271,17.4271
2025-06-16,"NPR",-18.2624,-18.2624,-18.2624,23.6435,23.6435,23.6435
2025-06-16,"New York Times",-15.7003,-15.7003,-15.7003,22.7045,22.7045,22.7045
2025-06-16,"Reuters",-5.9557,-5.9557,-5.9557,17.1973,17.1973,17.1973
2025-06-16,"USA Today",-12.6039,-12.6039,-12.6039,19.8072,19.8072,19.8072
2025-06-23,"ABC News",-12.299,-12.299,-12.299,18.2975,18.2975,18.2975
2025-06-23,"Bloomberg",-9.5066,-9.5066,-9.5066,19.9325,19.9325,19.9325
2025-06-23,"CBS News",-9.2287,-9.2287,-9.2287,13.108,13.108,13.108
2025-06-23,"CNN",-15.6692,-15.6692,-15.6692,21.7159,21.7159,21.7159
2025-06-23,"Fox News",-8.9243,-8.9243,-8.9243,16.7543,16.7543,16.7543
2025-06-23,"Los Angeles Times",-21.2339,-21.2339,-21.2339,27.1135,27.1135,27.1135
2025-06-23,"NBC News",-12.472,-12.472,-12.472,17.4136,17.4136,17.4136
2025-06-23,"NPR",-18.4241,-18.4241,-18.4241,23.6774,23.6774,23.6774
2025-06-23,"New York Times",-15.6736,-15.6736,-15.6736,22.3966,22.3966,22.3966
2025-06-23,"Reuters",-5.6454,-5.6454,-5.6454,17.0312,17.0312,17.0312
2025-06-23,"USA Today",-12.1552,-12.1552,-12.1552,19.6249,19.6249,19.6249
2025-06-30,"ABC News",-12.062,-12.062,-12.062,18.0278,18.0278,18.0278
2025-06-30,"Bloomberg",-9.6332,-9.6332,-9.6332,20.111,20.111,20.111
2025-06-30,"CBS News",-9.406,-9.406,-9.406,13.102,13.102,13.102
2025-06-30,"CNN",-15.7547,-15.7547,-15.7547,21.7079,21.7079,21.7079
2025-06-30,"Fox News",-8.6149,-8.6149,-8.6149,16.3715,16.3715,16.3715
2025-06-30,"Los Angeles Times",-21.4059,-21.4059,-21.4059,27.3248,27.3248,27.3248
2025-06-30,"NBC News",-12.3336,-12.3336,-12.3336,17.4448,17.4448,17.4448
2025-06-30,"NPR",-18.855,-18.855,-18.855,23.946,23.946,23.946
2025-06-30,"New York Times",-15.6635,-15.6635,-15.6635,21.8772,21.8772,21.8772
2025-06-30,"Reuters",-5.3319,-5.3319,-5.3319,16.8633,16.8633,16.8633
2025-06-30,"USA Today",-11.81,-11.81,-11.81,19.4442,19.4442,19.4442
2025-07-07,"ABC News",-11.8198,-11.8198,-11.8198,17.7942,17.7942,17.7942
2025-07-07,"Bloomberg",-9.8042,-9.8042,-9.8042,20.183,20.183,20.183
2025-07-07,"CBS News",-9.5717,-9.5717,-9.5717,13.1178,13.1178,13.1178
2025-07-07,"CNN",-15.9514,-15.9514,-15.9514,21.7362,21.7362,21.7362
2025-07-07,"Fox News",-8.1883,-8.1883,-8.1883,16.0059,16.0059,16.0059
2025-07-07,"Los Angeles Times",-21.6456,-21.6456,-21.6456,27.6916,27.6916,27.6916
2025-07-07,"NBC News",-12.0185,-12.0185,-12.0185,17.3482,17.3482,17.3482
2025-07-07,"NPR",-19.2017,-19.2017,-19.2017,24.1351,24.1351,24.1351
2025-07-07,"New York Times",-15.897,-15.897,-15.897,21.5674,21.5674,21.5674
2025-07-07,"Reuters",-5.0188,-5.0188,-5.0188,16.671,16.671,16.671
2025-07-07,"USA Today",-11.5876,-11.5876,-11.5876,19.3429,19.3429,19.3429
2025-07-14,"ABC News",-11.3636,-11.3636,-11.3636,17.3857,17.3857,17.3857
2025-07-14,"Bloomberg",-9.7821,-9.7821,-9.7821,20.0639,20.0639,20.0639
2025-07-14,"CBS News",-9.6472,-9.6472,-9.6472,13.007,13.007,13.007
2025-07-14,"CNN",-16.3802,-16.3802,-16.3802,21.7705,21.7705,21.7705
2025-07-14,"Fox News",-7.7853,-7.7853,-7.7853,15.6392,15.6392,15.6392
2025-07-14,"Los Angeles Times",-22.0028,-22.0028,-22.0028,28.1542,28.1542,28.1542
2025-07-14,"NBC News",-11.6713,-11.6713,-11.6713,17.2561,17.2561,17.2561
2025-07-14,"NPR",-19.5502,-19.5502,-19.5502,24.1979,24.1979,24.1979
2025-07-14,"New York Times",-16.1923,-16.1923,-16.1923,21.1284,21.1284,21.1284
2025-07-14,"Reuters",-4.7217,-4.7217,-4.7217,16.4204,16.4204,16.4204
2025-07-14,"USA Today",-11.5478,-11.5478,-11.5478,19.236,19.236,19.236
2025-07-21,"ABC News",-11.0517,-11.0517,-11.0517,17.0359,17.0359,17.0359
2025-07-21,"Bloomberg",-9.6432,-9.6432,-9.6432,19.6714,19.6714,19.6714
2025-07-21,"CBS News",-9.7264,-9.7264,-9.7264,12.8756,12.8756,12.8756
2025-07-21,"CNN",-16.7089,-16.7089,-16.7089,21.6564,21.6564,21.6564
2025-07-21,"Fox News",-7.4635,-7.4635,-7.4635,15.2971,15.2971,15.2971
2025-07-21,"Los Angeles Times",-22.2903,-22.2903,-22.2903,28.4969,28.4969,28.4969
2025-07-21,"NBC News",-11.4908,-11.4908,-11.4908,17.2214,17.2214,17.2214
2025-07-21,"NPR",-19.8926,-19.8926,-19.8926,24.1636,24.1636,24.1636
2025-07-21,"New York Times",-16.5493,-16.5493,-16.5493,20.9267,20.9267,20.9267
2025-07-21,"Reuters",-4.487,-4.487,-4.487,16.2241,16.2241,16.2241
2025-07-21,"USA Today",-11.5958,-11.5958,-11.5958,19.0018,19.0018,19.0018
2025-07-28,"ABC News",-10.6794,-10.6794,-10.6794,16.6274,16.6274,16.6274
2025-07-28,"Bloomberg",-9.7644,-9.7644,-9.7644,19.4321,19.4321,19.4321
2025-07-28,"CBS News",-9.7987,-9.7987,-9.7987,12.7155,12.7155,12.7155
2025-07-28,"CNN",-17.0248,-17.0248,-17.0248,21.4894,21.4894,21.4894
2025-07-28,"Fox News",-7.2508,-7.2508,-7.2508,15.0122,15.0122,15.0122
2025-07-28,"Los Angeles Times",-22.6061,-22.6061,-22.6061,28.7135,28.7135,28.7135
2025-07-28,"NBC News",-11.3261,-11.3261,-11.3261,17.1245,17.1245,17.1245
2025-07-28,"NPR",-20.0617,-20.0617,-20.0617,24.0044,24.0044,24.0044
2025-07-28,"New York Times",-16.4748,-16.4748,-16.4748,20.2615,20.2615,20.2615
2025-07-28,"Reuters",-4.3905,-4.3905,-4.3905,16.0509,16.0509,16.0509
2025-07-28,"USA Today",-11.8014,-11.8014,-11.8014,18.7907,18.7907,18.7907
2025-08-04,"ABC News",-10.4431,-10.4431,-10.4431,16.3354,16.3354,16.3354
2025-08-04,"Bloomberg",-10.1155,-10.1155,-10.1155,19.2883,19.2883,19.2883
2025-08-04,"CBS News",-9.8243,-9.8243,-9.8243,12.5668,12.5668,12.5668
2025-08-04,"CNN",-17.0573,-17.0573,-17.0573,21.1776,21.1776,21.1776
2025-08-04,"Fox News",-7.0925,-7.0925,-7.0925,14.8488,14.8488,14.8488
2025-08-04,"Los Angeles Times",-22.7938,-22.7938,-22.7938,28.7242,28.7242,28.7242
2025-08-04,"NBC News",-11.1358,-11.1358,-11.1358,16.8801,16.8801,16.8801
2025-08-04,"NPR",-19.729,-19.729,-19.729,23.508,23.508,23.508
2025-08-04,"New York Times",-16.1821,-16.1821,-16.1821,19.5703,19.5703,19.5703
2025-08-04,"Reuters",-4.4167,-4.4167,-4.4167,15.9233,15.9233,15.9233
2025-08-04,"USA Today",-12.1546,-12.1546,-12.1546,18.6189,18.6189,18.6189
2025-08-11,"ABC News",-10.1821,-10.1821,-10.1821,15.9987,15.9987,15.9987
2025-08-11,"Bloomberg",-10.5855,-10.5855,-10.5855,19.2686,19.2686,19.2686
2025-08-11,"CBS News",-9.7215,-9.7215,-9.7215,12.3561,12.3561,12.3561
2025-08-11,"CNN",-17.1518,-17.1518,-17.1518,20.9428,20.9428,20.9428
2025-08-11,"Fox News",-7.0051,-7.0051,-7.0051,14.7493,14.7493,14.7493
2025-08-11,"Los Angeles Times",-22.9243,-22.9243,-22.9243,28.6883,28.6883,28.6883
2025-08-11,"NBC News",-10.6843,-10.6843,-10.6843,16.3402,16.3402,16.3402
2025-08-11,"NPR",-19.2499,-19.2499,-19.2499,22.9656,22.9656,22.9656
2025-08-11,"New York Times",-15.7234,-15.7234,-15.7234,18.5383,18.5383,18.5383
2025-08-11,"Reuters",-4.4538,-4.4538,-4.4538,15.6994,15.6994,15.6994
2025-08-11,"USA Today",-12.5888,-12.5888,-12.5888,18.5284,18.5284,18.5284
2025-08-18,"ABC News",-10.2129,-10.2129,-10.2129,15.8273,15.8273,15.8273
2025-08-18,"Bloomberg",-10.6107,-10.6107,-10.6107,18.9052,18.9052,18.9052
2025-08-18,"CBS News",-9.6301,-9.6301,-9.6301,12.1916,12.1916,12.1916
2025-08-18,"CNN",-17.1001,-17.1001,-17.1001,20.6812,20.6812,20.6812
2025-08-18,"Fox News",-7.0454,-7.0454,-7.0454,14.7129,14.7129,14.7129
2025-08-18,"Los Angeles Times",-22.7072,-22.7072,-22.7072,28.2903,28.2903,28.2903
2025-08-18,"NBC News",-10.2322,-10.2322,-10.2322,15.5713,15.5713,15.5713
2025-08-18,"NPR",-18.9031,-18.9031,-18.9031,22.5917,22.5917,22.5917
2025-08-18,"New York Times",-14.8965,-14.8965,-14.8965,17.4162,17.4162,17.4162
2025-08-18,"Reuters",-4.6127,-4.6127,-4.6127,15.5483,15.5483,15.5483
2025-08-18,"USA Today",-12.9889,-12.9889,-12.9889,18.435,18.435,18.435
2025-08-25,"ABC News",-10.4362,-10.4362,-10.4362,15.8578,15.8578,15.8578
2025-08-25,"Bloomberg",-10.485,-10.485,-10.485,18.5918,18.5918,18.5918
2025-08-25,"CBS News",-9.5369,-9.5369,-9.5369,12.0683,12.0683,12.0683
2025-08-25,"CNN",-16.7888,-16.7888,-16.7888,20.3173,20.3173,20.3173
2025-08-25,"Fox News",-7.2226,-7.2226,-7.2226,14.8776,14.8776,14.8776
2025-08-25,"Los Angeles Times",-22.3628,-22.3628,-22.3628,27.8368,27.8368,27.8368
2025-08-25,"NBC News",-9.7595,-9.7595,-9.7595,14.8199,14.8199,14.8199
2025-08-25,"NPR",-18.4916,-18.4916,-18.4916,22.0852,22.0852,22.0852
2025-08-25,"New York Times",-14.1238,-14.1238,-14.1238,16.7671,16.7671,16.7671
2025-08-25,"Reuters",-4.7454,-4.7454,-4.7454,15.4026,15.4026,15.4026
2025-08-25,"USA Today",-13.3536,-13.3536,-13.3536,18.3084,18.3084,18.3084
2025-09-01,"ABC News",-10.7664,-10.7664,-10.7664,15.9597,15.9597,15.9597
2025-09-01,"Bloomberg",-10.3185,-10.3185,-10.3185,18.409,18.409,18.409
2025-09-01,"CBS News",-9.4963,-9.4963,-9.4963,12.0586,12.0586,12.0586
2025-09-01,"CNN",-16.4823,-16.4823,-16.4823,20.0851,20.0851,20.0851
2025-09-01,"Fox News",-7.5481,-7.5481,-7.5481,15.1273,15.1273,15.1273
2025-09-01,"Los Angeles Times",-21.9951,-21.9951,-21.9951,27.386,27.386,27.386
2025-09-01,"NBC News",-9.2564,-9.2564,-9.2564,14.0403,14.0403,14.0403
2025-09-01,"NPR",-18.2682,-18.2682,-18.2682,21.7939,21.7939,21.7939
2025-09-01,"New York Times",-13.162,-13.162,-13.162,15.9984,15.9984,15.9984
2025-09-01,"Reuters",-4.8719,-4.8719,-4.8719,15.2873,15.2873,15.2873
2025-09-01,"USA Today",-13.6138,-13.6138,-13.6138,18.1949,18.1949,18.1949
2025-09-08,"ABC News",-11.1055,-11.1055,-11.1055,16.1012,16.1012,16.1012
2025-09-08,"Bloomberg",-9.9967,-9.9967,-9.9967,18.2584,18.2584,18.2584
2025-09-08,"CBS News",-9.4236,-9.4236,-9.4236,12.0871,12.0871,12.0871
2025-09-08,"CNN",-16.0058,-16.0058,-16.0058,19.8516,19.8516,19.8516
2025-09-08,"Fox News",-7.7367,-7.7367,-7.7367,15.3083,15.3083,15.3083
2025-09-08,"Los Angeles Times",-21.6318,-21.6318,-21.6318,26.8937,26.8937,26.8937
2025-09-08,"NBC News",-8.899,-8.899,-8.899,13.3328,13.3328,13.3328
2025-09-08,"NPR",-17.8434,-17.8434,-17.8434,21.497,21.497,21.497
2025-09-08,"New York Times",-12.2371,-12.2371,-12.2371,15.4847,15.4847,15.4847
2025-09-08,"Reuters",-5.0828,-5.0828,-5.0828,15.3351,15.3351,15.3351
2025-09-08,"USA Today",-13.8056,-13.8056,-13.8056,18.0741,18.0741,18.0741
2025-09-15,"ABC News",-11.2311,-11.2311,-11.2311,16.1699,16.1699,16.1699
2025-09-15,"Bloomberg",-9.8608,-9.8608,-9.8608,18.3635,18.3635,18.3635
2025-09-15,"CBS News",-9.2495,-9.2495,-9.2495,12.081,12.081,12.081
2025-09-15,"CNN",-15.5583,-15.5583,-15.5583,19.7036,19.7036,19.7036
2025-09-15,"Fox News",-7.825,-7.825,-7.825,15.4727,15.4727,15.4727
2025-09-15,"Los Angeles Times",-21.4377,-21.4377,-21.4377,26.6432,26.6432,26.6432
2025-09-15,"NBC News",-8.436,-8.436,-8.436,12.6821,12.6821,12.6821
2025-09-15,"NPR",-17.4626,-17.4626,-17.4626,21.2421,21.2421,21.2421
2025-09-15,"New York Times",-11.5301,-11.5301,-11.5301,15.3116,15.3116,15.3116
2025-09-15,"Reuters",-5.1874,-5.1874,-5.1874,15.3939,15.3939,15.3939
2025-09-15,"USA Today",-13.9147,-13.9147,-13.9147,18.0149,18.0149,18.0149
2025-09-22,"ABC News",-11.2215,-11.2215,-11.2215,16.1696,16.1696,16.1696
2025-09-22,"Bloomberg",-9.4387,-9.4387,-9.4387,18.3482,18.3482,18.3482
2025-09-22,"CBS News",-9.0678,-9.0678,-9.0678,12.0764,12.0764,12.0764
2025-09-22,"CNN",-15.3065,-15.3065,-15.3065,19.7107,19.7107,19.7107
2025-09-22,"Fox News",-7.9023,-7.9023,-7.9023,15.5687,15.5687,15.5687
2025-09-22,"Los Angeles Times",-21.2322,-21.2322,-21.2322,26.4385,26.4385,26.4385
2025-09-22,"NBC News",-7.9827,-7.9827,-7.9827,12.094,12.094,12.094
2025-09-22,"NPR",-17.2749,-17.2749,-17.2749,21.2717,21.2717,21.2717
2025-09-22,"New York Times",-10.7545,-10.7545,-10.7545,15.1025,15.1025,15.1025
2025-09-22,"Reuters",-5.1196,-5.1196,-5.1196,15.4205,15.4205,15.4205
2025-09-22,"USA Today",-13.8947,-13.8947,-13.8947,18.0286,18.0286,18.0286
2025-09-29,"ABC News",-11.0517,-11.0517,-11.0517,16.1902,16.1902,16.1902
2025-09-29,"Bloomberg",-8.7687,-8.7687,-8.7687,18.1965,18.1965,18.1965
2025-09-29,"CBS News",-8.7739,-8.7739,-8.7739,12.0071,12.0071,12.0071
2025-09-29,"CNN",-15.2402,-15.2402,-15.2402,19.8614,19.8614,19.8614
2025-09-29,"Fox News",-8.1161,-8.1161,-8.1161,15.7656,15.7656,15.7656
2025-09-29,"Los Angeles Times",-21.0013,-21.0013,-21.0013,26.4096,26.4096,26.4096
2025-09-29,"NBC News",-7.5803,-7.5803,-7.5803,11.7841,11.7841,11.7841
2025-09-29,"NPR",-17.2911,-17.2911,-17.2911,21.4586,21.4586,21.4586
2025-09-29,"New York Times",-10.1008,-10.1008,-10.1008,14.9467,14.9467,14.9467
2025-09-29,"Reuters",-4.858,-4.858,-4.858,15.34,15.34,15.34
2025-09-29,"USA Today",-13.8211,-13.8211,-13.8211,18.053,18.053,18.053
2025-10-06,"ABC News",-10.9231,-10.9231,-10.9231,16.3035,16.3035,16.3035
2025-10-06,"Bloomberg",-8.3163,-8.3163,-8.3163,18.2173,18.2173,18.2173
2025-10-06,"CBS News",-8.4674,-8.4674,-8.4674,11.9394,11.9394,11.9394
2025-10-06,"CNN",-15.2444,-15.2444,-15.2444,20.0611,20.0611,20.0611
2025-10-06,"Fox News",-8.3264,-8.3264,-8.3264,15.9801,15.9801,15.9801
2025-10-06,"Los Angeles Times",-20.8505,-20.8505,-20.8505,26.5231,26.5231,26.5231
2025-10-06,"NBC News",-7.4509,-7.4509,-7.4509,11.8098,11.8098,11.8098
2025-10-06,"NPR",-17.1965,-17.1965,-17.1965,21.6481,21.6481,21.6481
2025-10-06,"New York Times",-9.5871,-9.5871,-9.5871,14.9971,14.9971,14.9971
2025-10-06,"Reuters",-4.5207,-4.5207,-4.5207,15.2614,15.2614,15.2614
2025-10-06,"USA Today",-13.6884,-13.6884,-13.6884,18.0727,18.0727,18.0727
2025-10-13,"ABC News",-10.8188,-10.8188,-10.8188,16.4849,16.4849,16.4849
2025-10-13,"Bloomberg",-8.0254,-8.0254,-8.0254,18.1898,18.1898,18.1898
2025-10-13,"CBS News",-8.2041,-8.2041,-8.2041,11.8905,11.8905,11.8905
2025-10-13,"CNN",-15.2681,-15.2681,-15.2681,20.2333,20.2333,20.2333
2025-10-13,"Fox News",-8.4739,-8.4739,-8.4739,16.2157,16.2157,16.2157
2025-10-13,"Los Angeles Times",-20.8859,-20.8859,-20.8859,26.7632,26.7632,26.7632
2025-10-13,"NBC News",-7.425,-7.425,-7.425,11.9591,11.9591,11.9591
2025-10-13,"NPR",-16.9,-16.9,-16.9,21.6267,21.6267,21.6267
2025-10-13,"New York Times",-9.5213,-9.5213,-9.5213,15.4485,15.4485,15.4485
2025-10-13,"Reuters",-4.2778,-4.2778,-4.2778,15.1663,15.1663,15.1663
2025-10-13,"USA Today",-13.5898,-13.5898,-13.5898,18.0723,18.0723,18.0723
2025-10-20,"ABC News",-10.5684,-10.5684,-10.5684,16.5717,16.5717,16.5717
2025-10-20,"Bloomberg",-8.084,-8.084,-8.084,18.2335,18.2335,18.2335
2025-10-20,"CBS News",-7.9798,-7.9798,-7.9798,11.8123,11.8123,11.8123
2025-10-20,"CNN",-15.5775,-15.5775,-15.5775,20.5138,20.5138,20.5138
2025-10-20,"Fox News",-8.6284,-8.6284,-8.6284,16.3821,16.3821,16.3821
2025-10-20,"Los Angeles Times",-20.7977,-20.7977,-20.7977,26.8401,26.8401,26.8401
2025-10-20,"NBC News",-7.5593,-7.5593,-7.5593,12.1741,12.1741,12.1741
2025-10-20,"NPR",-16.7172,-16.7172,-16.7172,21.7793,21.7793,21.7793
2025-10-20,"New York Times",-9.4964,-9.4964,-9.4964,15.6817,15.6817,15.6817
2025-10-20,"Reuters",-4.1191,-4.1191,-4.1191,15.0039,15.0039,15.0039
2025-10-20,"USA Today",-13.5878,-13.5878,-13.5878,18.1029,18.1029,18.1029
2025-10-27,"ABC News",-10.3413,-10.3413,-10.3413,16.5635,16.5635,16.5635
2025-10-27,"Bloomberg",-8.3032,-8.3032,-8.3032,18.3693,18.3693,18.3693
2025-10-27,"CBS News",-7.7966,-7.7966,-7.7966,11.8049,11.8049,11.8049
2025-10-27,"CNN",-15.9236,-15.9236,-15.9236,20.8302,20.8302,20.8302
2025-10-27,"Fox News",-8.5472,-8.5472,-8.5472,16.351,16.351,16.351
2025-10-27,"Los Angeles Times",-20.5227,-20.5227,-20.5227,26.6346,26.6346,26.6346
2025-10-27,"NBC News",-7.6447,-7.6447,-7.6447,12.3489,12.3489,12.3489
2025-10-27,"NPR",-16.4606,-16.4606,-16.4606,21.9577,21.9577,21.9577
2025-10-27,"New York Times",-9.5753,-9.5753,-9.5753,15.9252,15.9252,15.9252
2025-10-27,"Reuters",-3.9256,-3.9256,-3.9256,14.8092,14.8092,14.8092
2025-10-27,"USA Today",-13.7914,-13.7914,-13.7914,18.2746,18.2746,18.2746
2025-11-03,"ABC News",-9.9899,-9.9899,-9.9899,16.3433,16.3433,16.3433
2025-11-03,"Bloomberg",-8.5974,-8.5974,-8.5974,18.4006,18.4006,18.4006
2025-11-03,"CBS News",-7.7836,-7.7836,-7.7836,11.9483,11.9483,11.9483
2025-11-03,"CNN",-16.414,-16.414,-16.414,21.1883,21.1883,21.1883
2025-11-03,"Fox News",-8.5049,-8.5049,-8.5049,16.2831,16.2831,16.2831
2025-11-03,"Los Angeles Times",-20.1077,-20.1077,-20.1077,26.2107,26.2107,26.2107
2025-11-03,"NBC News",-7.6644,-7.6644,-7.6644,12.4033,12.4033,12.4033
2025-11-03,"NPR",-16.3364,-16.3364,-16.3364,22.2491,22.2491,22.2491
2025-11-03,"New York Times",-9.8969,-9.8969,-9.8969,16.058,16.058,16.058
2025-11-03,"Reuters",-3.7765,-3.7765,-3.7765,14.502,14.502,14.502
2025-11-03,"USA Today",-14.2058,-14.2058,-14.2058,18.5319,18.5319,18.5319
2025-11-10,"ABC News",-9.6785,-9.6785,-9.6785,16.0541,16.0541,16.0541
2025-11-10,"Bloomberg",-8.8285,-8.8285,-8.8285,18.4194,18.4194,18.4194
2025-11-10,"CBS News",-7.7863,-7.7863,-7.7863,12.0588,12.0588,12.0588
2025-11-10,"CNN",-16.9271,-16.9271,-16.9271,21.4722,21.4722,21.4722
2025-11-10,"Fox News",-8.6254,-8.6254,-8.6254,16.2691,16.2691,16.2691
2025-11-10,"Los Angeles Times",-19.7565,-19.7565,-19.7565,25.9257,25.9257,25.9257
2025-11-10,"NBC News",-7.7843,-7.7843,-7.7843,12.4672,12.4672,12.4672
2025-11-10,"NPR",-16.461,-16.461,-16.461,22.6124,22.6124,22.6124
2025-11-10,"New York Times",-10.3517,-10.3517,-10.3517,16.1914,16.1914,16.1914
2025-11-10,"Reuters",-3.6043,-3.6043,-3.6043,14.1822,14.1822,14.1822
2025-11-10,"USA Today",-14.5843,-14.5843,-14.5843,18.7424,18.7424,18.7424
2025-11-17,"ABC News",-9.2651,-9.2651,-9.2651,15.5766,15.5766,15.5766
2025-11-17,"Bloomberg",-8.9191,-8.9191,-8.9191,18.3273,18.3273,18.3273
2025-11-17,"CBS News",-7.7801,-7.7801,-7.7801,12.1728,12.1728,12.1728
2025-11-17,"CNN",-17.2355,-17.2355,-17.2355,21.5705,21.5705,21.5705
2025-11-17,"Fox News",-8.6296,-8.6296,-8.6296,16.1967,16.1967,16.1967
2025-11-17,"Los Angeles Times",-19.5077,-19.5077,-19.5077,25.6741,25.6741,25.6741
2025-11-17,"NBC News",-7.7283,-7.7283,-7.7283,12.3074,12.3074,12.3074
2025-11-17,"NPR",-16.5654,-16.5654,-16.5654,22.7394,22.7394,22.7394
2025-11-17,"New York Times",-11.1123,-11.1123,-11.1123,16.5609,16.5609,16.5609
2025-11-17,"Reuters",-3.4983,-3.4983,-3.4983,13.892,13.892,13.892
2025-11-17,"USA Today",-15.0882,-15.0882,-15.0882,18.9896,18.9896,18.9896
2025-11-24,"ABC News",-9.0265,-9.0265,-9.0265,15.1468,15.1468,15.1468
2025-11-24,"Bloomberg",-8.8961,-8.8961,-8.8961,18.0339,18.0339,18.0339
2025-11-24,"CBS News",-7.5814,-7.5814,-7.5814,12.0887,12.0887,12.0887
2025-11-24,"CNN",-17.3788,-17.3788,-17.3788,21.481,21.481,21.481
2025-11-24,"Fox News",-8.6094,-8.6094,-8.6094,16.1132,16.1132,16.1132
2025-11-24,"Los Angeles Times",-19.191,-19.191,-19.191,25.367,25.367,25.367
2025-11-24,"NBC News",-7.625,-7.625,-7.625,12.0527,12.0527,12.0527
2025-11-24,"NPR",-16.5273,-16.5273,-16.5273,22.5974,22.5974,22.5974
2025-11-24,"New York Times",-11.6723,-11.6723,-11.6723,16.7782,16.7782,16.7782
2025-11-24,"Reuters",-3.5179,-3.5179,-3.5179,13.635,13.635,13.635
2025-11-24,"USA Today",-15.4867,-15.4867,-15.4867,19.0998,19.0998,19.0998
2025-12-01,"ABC News",-8.7639,-8.7639,-8.7639,14.6464,14.6464,14.6464
2025-12-01,"Bloomberg",-8.5021,-8.5021,-8.5021,17.6054,17.6054,17.6054
2025-12-01,"CBS News",-7.3589,-7.3589,-7.3589,11.9725,11.9725,11.9725
2025-12-01,"CNN",-17.4142,-17.4142,-17.4142,21.342,21.342,21.342
2025-12-01,"Fox News",-8.4817,-8.4817,-8.4817,15.9272,15.9272,15.9272
2025-12-01,"Los Angeles Times",-18.8207,-18.8207,-18.8207,24.9216,24.9216,24.9216
2025-12-01,"NBC News",-7.4373,-7.4373,-7.4373,11.7906,11.7906,11.7906
2025-12-01,"NPR",-16.5442,-16.5442,-16.5442,22.4986,22.4986,22.4986
2025-12-01,"New York Times",-12.3373,-12.3373,-12.3373,17.0213,17.0213,17.0213
2025-12-01,"Reuters",-3.6363,-3.6363,-3.6363,13.4605,13.4605,13.4605
2025-12-01,"USA Today",-15.8039,-15.8039,-15.8039,19.2165,19.2165,19.2165
2025-12-08,"ABC News",-8.5994,-8.5994,-8.5994,14.1969,14.1969,14.1969
2025-12-08,"Bloomberg",-7.992,-7.992,-7.992,17.2616,17.2616,17.2616
2025-12-08,"CBS News",-6.9911,-6.9911,-6.9911,11.7288,11.7288,11.7288
2025-12-08,"CNN",-17.2612,-17.2612,-17.2612,21.1059,21.1059,21.1059
2025-12-08,"Fox News",-8.4058,-8.4058,-8.4058,15.7665,15.7665,15.7665
2025-12-08,"Los Angeles Times",-18.4494,-18.4494,-18.4494,24.5691,24.5691,24.5691
2025-12-08,"NBC News",-7.382,-7.382,-7.382,11.7319,11.7319,11.7319
2025-12-08,"NPR",-16.6374,-16.6374,-16.6374,22.3834,22.3834,22.3834
2025-12-08,"New York Times",-12.6997,-12.6997,-12.6997,17.1694,17.1694,17.1694
2025-12-08,"Reuters",-3.7733,-3.7733,-3.7733,13.4317,13.4317,13.4317
2025-12-08,"USA Today",-15.8642,-15.8642,-15.8642,19.247,19.247,19.247
2025-12-15,"ABC News",-8.76,-8.76,-8.76,14.0406,14.0406,14.0406
2025-12-15,"Bloomberg",-7.4059,-7.4059,-7.4059,17.0711,17.0711,17.0711
2025-12-15,"CBS News",-6.8558,-6.8558,-6.8558,11.7101,11.7101,11.7101
2025-12-15,"CNN",-17.075,-17.075,-17.075,20.9164,20.9164,20.9164
2025-12-15,"Fox News",-8.3549,-8.3549,-8.3549,15.6862,15.6862,15.6862
2025-12-15,"Los Angeles Times",-18.2374,-18.2374,-18.2374,24.3749,24.3749,24.3749
2025-12-15,"NBC News",-7.4331,-7.4331,-7.4331,11.7986,11.7986,11.7986
2025-12-15,"NPR",-16.7374,-16.7374,-16.7374,22.2635,22.2635,22.2635
2025-12-15,"New York Times",-12.9787,-12.9787,-12.9787,17.3652,17.3652,17.3652
2025-12-15,"Reuters",-3.8704,-3.8704,-3.8704,13.5495,13.5495,13.5495
2025-12-15,"USA Today",-15.9678,-15.9678,-15.9678,19.3175,19.3175,19.3175
2025-12-22,"ABC News",-8.9963,-8.9963,-8.9963,13.9949,13.9949,13.9949
2025-12-22,"Bloomberg",-6.8692,-6.8692,-6.8692,17.2745,17.2745,17.2745
2025-12-22,"CBS News",-6.8102,-6.8102,-6.8102,11.6775,11.6775,11.6775
2025-12-22,"CNN",-17.0332,-17.0332,-17.0332,20.8446,20.8446,20.8446
2025-12-22,"Fox News",-8.4875,-8.4875,-8.4875,15.737,15.737,15.737
2025-12-22,"Los Angeles Times",-18.1273,-18.1273,-18.1273,24.2815,24.2815,24.2815
2025-12-22,"NBC News",-7.728,-7.728,-7.728,12.1036,12.1036,12.1036
2025-12-22,"NPR",-17.0356,-17.0356,-17.0356,22.2642,22.2642,22.2642
2025-12-22,"New York Times",-12.836,-12.836,-12.836,17.2232,17.2232,17.2232
2025-12-22,"Reuters",-4.0688,-4.0688,-4.0688,13.7997,13.7997,13.7997
2025-12-22,"USA Today",-15.8645,-15.8645,-15.8645,19.2713,19.2713,19.2713
2025-12-29,"ABC News",-9.6323,-9.6323,-9.6323,14.193,14.193,14.193
2025-12-29,"Bloomberg",-6.4955,-6.4955,-6.4955,17.7918,17.7918,17.7918
2025-12-29,"CBS News",-6.7969,-6.7969,-6.7969,11.5395,11.5395,11.5395
2025-12-29,"CNN",-17.0164,-17.0164,-17.0164,20.7445,20.7445,20.7445
2025-12-29,"Fox News",-8.7762,-8.7762,-8.7762,15.8733,15.8733,15.8733
2025-12-29,"Los Angeles Times",-18.1626,-18.1626,-18.1626,24.3715,24.3715,24.3715
2025-12-29,"NBC News",-8.0124,-8.0124,-8.0124,12.292,12.292,12.292
2025-12-29,"NPR",-17.3501,-17.3501,-17.3501,22.1538,22.1538,22.1538
2025-12-29,"New York Times",-12.5506,-12.5506,-12.5506,17.066,17.066,17.066
2025-12-29,"Reuters",-4.2292,-4.2292,-4.2292,14.0597,14.0597,14.0597
2025-12-29,"USA Today",-15.5155,-15.5155,-15.5155,19.0166,19.0166,19.0166
2026-01-05,"ABC News",-10.4638,-10.4638,-10.4638,14.485,14.485,14.485
2026-01-05,"Bloomberg",-6.3864,-6.3864,-6.3864,18.3489,18.3489,18.3489
2026-01-05,"CBS News",-7.168,-7.168,-7.168,11.6877,11.6877,11.6877
2026-01-05,"CNN",-17.2357,-17.2357,-17.2357,20.8511,20.8511,20.8511
2026-01-05,"Fox News",-9.1714,-9.1714,-9.1714,16.0972,16.0972,16.0972
2026-01-05,"Los Angeles Times",-18.3016,-18.3016,-18.3016,24.4821,24.4821,24.4821
2026-01-05,"NBC News",-8.3258,-8.3258,-8.3258,12.5017,12.5017,12.5017
2026-01-05,"NPR",-17.5945,-17.5945,-17.5945,22.018,22.018,22.018
2026-01-05,"New York Times",-12.2352,-12.2352,-12.2352,16.7933,16.7933,16.7933
2026-01-05,"Reuters",-4.3735,-4.3735,-4.3735,14.3158,14.3158,14.3158
2026-01-05,"USA Today",-15.1529,-15.1529,-15.1529,18.735,18.735,18.735
2026-01-12,"ABC News",-11.5016,-11.5016,-11.5016,14.8854,14.8854,14.8854
2026-01-12,"Bloomberg",-6.7737,-6.7737,-6.7737,19.2335,19.2335,19.2335
2026-01-12,"CBS News",-7.5857,-7.5857,-7.5857,11.8973,11.8973,11.8973
2026-01-12,"CNN",-17.3493,-17.3493,-17.3493,20.908,20.908,20.908
2026-01-12,"Fox News",-9.5302,-9.5302,-9.5302,16.2989,16.2989,16.2989
2026-01-12,"Los Angeles Times",-18.4221,-18.4221,-18.4221,24.5734,24.5734,24.5734
2026-01-12,"NBC News",-8.7089,-8.7089,-8.7089,12.9533,12.9533,12.9533
2026-01-12,"NPR",-17.831,-17.831,-17.831,21.9481,21.9481,21.9481
2026-01-12,"New York Times",-11.8421,-11.8421,-11.8421,16.393,16.393,16.393
2026-01-12,"Reuters",-4.5961,-4.5961,-4.5961,14.5838,14.5838,14.5838
2026-01-12,"USA Today",-14.7796,-14.7796,-14.7796,18.6345,18.6345,18.6345
2026-01-19,"ABC News",-12.5937,-12.5937,-12.5937,15.287,15.287,15.287
2026-01-19,"Bloomberg",-7.7007,-7.7007,-7.7007,20.1049,20.1049,20.1049
2026-01-19,"CBS News",-8.2371,-8.2371,-8.2371,12.2959,12.2959,12.2959
2026-01-19,"CNN",-17.3867,-17.3867,-17.3867,20.9232,20.9232,20.9232
2026-01-19,"Fox News",-9.8605,-9.8605,-9.8605,16.5135,16.5135,16.5135
2026-01-19,"Los Angeles Times",-18.7119,-18.7119,-18.7119,24.8029,24.8029,24.8029
2026-01-19,"NBC News",-9.0299,-9.0299,-9.0299,13.3802,13.3802,13.3802
2026-01-19,"NPR",-18.0035,-18.0035,-18.0035,21.8824,21.8824,21.8824
2026-01-19,"New York Times",-11.7019,-11.7019,-11.7019,16.2036,16.2036,16.2036
2026-01-19,"Reuters",-4.773,-4.773,-4.773,14.8083,14.8083,14.8083
2026-01-19,"USA Today",-14.5924,-14.5924,-14.5924,18.7493,18.7493,18.7493
2026-01-26,"ABC News",-13.7076,-13.7076,-13.7076,15.7264,15.7264,15.7264
2026-01-26,"Bloomberg",-8.9784,-8.9784,-8.9784,20.9464,20.9464,20.9464
2026-01-26,"CBS News",-8.8283,-8.8283,-8.8283,12.7588,12.7588,12.7588
2026-01-26,"CNN",-17.4221,-17.4221,-17.4221,21.0165,21.0165,21.0165
2026-01-26,"Fox News",-10.0814,-10.0814,-10.0814,16.7276,16.7276,16.7276
2026-01-26,"Los Angeles Times",-18.9535,-18.9535,-18.9535,25.0299,25.0299,25.0299
2026-01-26,"NBC News",-9.5627,-9.5627,-9.5627,14.0174,14.0174,14.0174
2026-01-26,"NPR",-18.148,-18.148,-18.148,21.9226,21.9226,21.9226
2026-01-26,"New York Times",-11.4797,-11.4797,-11.4797,15.8964,15.8964,15.8964
2026-01-26,"Reuters",-5.0183,-5.0183,-5.0183,15.096,15.096,15.096
2026-01-26,"USA Today",-14.7113,-14.7113,-14.7113,19.0901,19.0901,19.0901
2026-02-02,"ABC News",-14.8436,-14.8436,-14.8436,16.1684,16.1684,16.1684
2026-02-02,"Bloomberg",-10.2133,-10.2133,-10.2133,21.8291,21.8291,21.8291
2026-02-02,"CBS News",-9.3392,-9.3392,-9.3392,13.1554,13.1554,13.1554
2026-02-02,"CNN",-17.612,-17.612,-17.612,21.2481,21.2481,21.2481
2026-02-02,"Fox News",-10.1936,-10.1936,-10.1936,16.9753,16.9753,16.9753
2026-02-02,"Los Angeles Times",-19.3487,-19.3487,-19.3487,25.4083,25.4083,25.4083
2026-02-02,"NBC News",-10.074,-10.074,-10.074,14.5268,14.5268,14.5268
2026-02-02,"NPR",-18.1238,-18.1238,-18.1238,21.9471,21.9471,21.9471
2026-02-02,"New York Times",-11.4069,-11.4069,-11.4069,15.785,15.785,15.785
2026-02-02,"Reuters",-5.2706,-5.2706,-5.2706,15.3753,15.3753,15.3753
2026-02-02,"USA Today",-14.9616,-14.9616,-14.9616,19.4277,19.4277,19.4277
2026-02-09,"ABC News",-16.0061,-16.0061,-16.0061,16.5973,16.5973,16.5973
2026-02-09,"Bloomberg",-11.4639,-11.4639,-11.4639,22.6353,22.6353,22.6353
2026-02-09,"CBS News",-9.4439,-9.4439,-9.4439,13.3289,13.3289,13.3289
2026-02-09,"CNN",-17.7603,-17.7603,-17.7603,21.5103,21.5103,21.5103
2026-02-09,"Fox News",-10.1252,-10.1252,-10.1252,17.1731,17.1731,17.1731
2026-02-09,"Los Angeles Times",-19.6632,-19.6632,-19.6632,25.8275,25.8275,25.8275
2026-02-09,"NBC News",-10.6505,-10.6505,-10.6505,15.1391,15.1391,15.1391
2026-02-09,"NPR",-18.0423,-18.0423,-18.0423,22.0531,22.0531,22.0531
2026-02-09,"New York Times",-11.3597,-11.3597,-11.3597,15.7315,15.7315,15.7315
2026-02-09,"Reuters",-5.6035,-5.6035,-5.6035,15.665,15.665,15.665
2026-02-09,"USA Today",-15.3223,-15.3223,-15.3223,19.8616,19.8616,19.8616
2026-02-16,"Bloomberg",-12.7964,-12.7964,-12.7964,23.4559,23.4559,23.4559
2026-02-16,"CBS News",-9.5599,-9.5599,-9.5599,13.535,13.535,13.535
2026-02-16,"CNN",-17.8868,-17.8868,-17.8868,21.7847,21.7847,21.7847
2026-02-16,"Fox News",-10.1243,-10.1243,-10.1243,17.3419,17.3419,17.3419
2026-02-16,"Los Angeles Times",-19.9788,-19.9788,-19.9788,26.2444,26.2444,26.2444
2026-02-16,"NBC News",-11.063,-11.063,-11.063,15.5749,15.5749,15.5749
2026-02-16,"NPR",-18.1848,-18.1848,-18.1848,22.2761,22.2761,22.2761
2026-02-16,"New York Times",-11.757,-11.757,-11.757,16.0809,16.0809,16.0809
2026-02-16,"Reuters",-5.8286,-5.8286,-5.8286,15.8813,15.8813,15.8813
2026-02-16,"USA Today",-15.5826,-15.5826,-15.5826,20.2316,20.2316,20.2316
2026-02-23,"Bloomberg",-14.146,-14.146,-14.146,24.2426,24.2426,24.2426
2026-02-23,"CBS News",-9.454,-9.454,-9.454,13.6326,13.6326,13.6326
2026-02-23,"CNN",-18.1688,-18.1688,-18.1688,22.2697,22.2697,22.2697
2026-02-23,"Fox News",-10.1286,-10.1286,-10.1286,17.5099,17.5099,17.5099
2026-02-23,"Los Angeles Times",-20.2536,-20.2536,-20.2536,26.6398,26.6398,26.6398
2026-02-23,"NBC News",-11.5782,-11.5782,-11.5782,16.0653,16.0653,16.0653
2026-02-23,"NPR",-18.6761,-18.6761,-18.6761,22.8022,22.8022,22.8022
2026-02-23,"New York Times",-12.3249,-12.3249,-12.3249,16.5677,16.5677,16.5677
2026-02-23,"Reuters",-6.104,-6.104,-6.104,16.161,16.161,16.161
2026-02-23,"USA Today",-15.8531,-15.8531,-15.8531,20.5965,20.5965,20.5965
2026-03-02,"Bloomberg",-15.5633,-15.5633,-15.5633,24.9669,24.9669,24.9669
2026-03-02,"CBS News",-9.1196,-9.1196,-9.1196,13.5666,13.5666,13.5666
2026-03-02,"CNN",-18.2315,-18.2315,-18.2315,22.6487,22.6487,22.6487
2026-03-02,"Fox News",-10.1307,-10.1307,-10.1307,17.6294,17.6294,17.6294
2026-03-02,"Los Angeles Times",-20.3389,-20.3389,-20.3389,26.8718,26.8718,26.8718
2026-03-02,"NBC News",-12.0479,-12.0479,-12.0479,16.5866,16.5866,16.5866
2026-03-02,"NPR",-19.26,-19.26,-19.26,23.4227,23.4227,23.4227
2026-03-02,"New York Times",-13.0371,-13.0371,-13.0371,17.0658,17.0658,17.0658
2026-03-02,"Reuters",-6.3781,-6.3781,-6.3781,16.443,16.443,16.443
2026-03-02,"USA Today",-16.0383,-16.0383,-16.0383,20.9217,20.9217,20.9217
2026-03-09,"CBS News",-8.8228,-8.8228,-8.8228,13.5181,13.5181,13.5181
2026-03-09,"CNN",-18.444,-18.444,-18.444,23.2099,23.2099,23.2099
2026-03-09,"Fox News",-10.3459,-10.3459,-10.3459,17.8049,17.8049,17.8049
2026-03-09,"Los Angeles Times",-20.3063,-20.3063,-20.3063,26.9366,26.9366,26.9366
2026-03-09,"NBC News",-12.3308,-12.3308,-12.3308,16.8403,16.8403,16.8403
2026-03-09,"NPR",-20.0579,-20.0579,-20.0579,24.132,24.132,24.132
2026-03-09,"New York Times",-13.9836,-13.9836,-13.9836,17.6792,17.6792,17.6792
2026-03-09,"Reuters",-6.5273,-6.5273,-6.5273,16.6738,16.6738,16.6738
2026-03-09,"USA Today",-15.9958,-15.9958,-15.9958,20.958,20.958,20.958
2026-03-16,"CBS News",-8.3637,-8.3637,-8.3637,13.3021,13.3021,13.3021
2026-03-16,"CNN",-18.8202,-18.8202,-18.8202,23.8516,23.8516,23.8516
2026-03-16,"Fox News",-10.6433,-10.6433,-10.6433,18.1251,18.1251,18.1251
2026-03-16,"Los Angeles Times",-20.1053,-20.1053,-20.1053,26.8912,26.8912,26.8912
2026-03-16,"NBC News",-12.4169,-12.4169,-12.4169,16.8459,16.8459,16.8459
2026-03-16,"NPR",-20.7402,-20.7402,-20.7402,24.7616,24.7616,24.7616
2026-03-16,"New York Times",-14.3389,-14.3389,-14.3389,17.8087,17.8087,17.8087
2026-03-16,"Reuters",-6.6552,-6.6552,-6.6552,16.8377,16.8377,16.8377
2026-03-16,"USA Today",-15.761,-15.761,-15.761,20.781,20.781,20.781
2026-03-23,"CBS News",-8.0066,-8.0066,-8.0066,13.0628,13.0628,13.0628
2026-03-23,"CNN",-19.0539,-19.0539,-19.0539,24.2655,24.2655,24.2655
2026-03-23,"Fox News",-11.1758,-11.1758,-11.1758,18.5266,18.5266,18.5266
2026-03-23,"Los Angeles Times",-19.8027,-19.8027,-19.8027,26.7029,26.7029,26.7029
2026-03-23,"NBC News",-12.0677,-12.0677,-12.0677,16.4356,16.4356,16.4356
2026-03-23,"NPR",-21.4464,-21.4464,-21.4464,25.2873,25.2873,25.2873
2026-03-23,"New York Times",-14.5901,-14.5901,-14.5901,17.808,17.808,17.808
2026-03-23,"Reuters",-6.6249,-6.6249,-6.6249,16.8487,16.8487,16.8487
2026-03-23,"USA Today",-15.258,-15.258,-15.258,20.4193,20.4193,20.4193
2026-03-30,"CBS News",-7.705,-7.705,-7.705,12.7096,12.7096,12.7096
2026-03-30,"CNN",-19.2396,-19.2396,-19.2396,24.3817,24.3817,24.3817
2026-03-30,"Fox News",-11.6807,-11.6807,-11.6807,18.843,18.843,18.843
2026-03-30,"Los Angeles Times",-19.4917,-19.4917,-19.4917,26.3308,26.3308,26.3308
2026-03-30,"NBC News",-11.1655,-11.1655,-11.1655,15.4178,15.4178,15.4178
2026-03-30,"NPR",-22.0685,-22.0685,-22.0685,25.8201,25.8201,25.8201
2026-03-30,"New York Times",-14.667,-14.667,-14.667,17.6257,17.6257,17.6257
2026-03-30,"Reuters",-6.3371,-6.3371,-6.3371,16.6644,16.6644,16.6644
2026-03-30,"USA Today",-14.6279,-14.6279,-14.6279,19.8071,19.8071,19.8071
2026-04-06,"CBS News",-7.3328,-7.3328,-7.3328,12.234,12.234,12.234
2026-04-06,"CNN",-19.3754,-19.3754,-19.3754,24.3288,24.3288,24.3288
2026-04-06,"Fox News",-12.0808,-12.0808,-12.0808,19.125,19.125,19.125
2026-04-06,"Los Angeles Times",-19.1364,-19.1364,-19.1364,25.8694,25.8694,25.8694
2026-04-06,"NBC News",-10.0683,-10.0683,-10.0683,14.1982,14.1982,14.1982
2026-04-06,"NPR",-22.4917,-22.4917,-22.4917,26.2939,26.2939,26.2939
2026-04-06,"New York Times",-14.4487,-14.4487,-14.4487,17.1741,17.1741,17.1741
2026-04-06,"Reuters",-5.9739,-5.9739,-5.9739,16.4044,16.4044,16.4044
2026-04-06,"USA Today",-13.9634,-13.9634,-13.9634,19.1146,19.1146,19.1146
2026-04-13,"CBS News",-6.9806,-6.9806,-6.9806,11.8012,11.8012,11.8012
2026-04-13,"CNN",-19.516,-19.516,-19.516,24.3397,24.3397,24.3397
2026-04-13,"Fox News",-12.5512,-12.5512,-12.5512,19.4137,19.4137,19.4137
2026-04-13,"Los Angeles Times",-18.7833,-18.7833,-18.7833,25.4053,25.4053,25.4053
2026-04-13,"NBC News",-8.9895,-8.9895,-8.9895,13.0325,13.0325,13.0325
2026-04-13,"NPR",-22.9247,-22.9247,-22.9247,26.7716,26.7716,26.7716
2026-04-13,"New York Times",-14.4381,-14.4381,-14.4381,16.8583,16.8583,16.8583
2026-04-13,"Reuters",-5.5897,-5.5897,-5.5897,16.1491,16.1491,16.1491
2026-04-13,"USA Today",-13.2882,-13.2882,-13.2882,18.4775,18.4775,18.4775
2026-04-20,"CBS News",-6.6036,-6.6036,-6.6036,11.3313,11.3313,11.3313
2026-04-20,"CNN",-19.6456,-19.6456,-19.6456,24.3074,24.3074,24.3074
2026-04-20,"Fox News",-12.9949,-12.9949,-12.9949,19.6915,19.6915,19.6915
2026-04-20,"Los Angeles Times",-18.4181,-18.4181,-18.4181,24.9154,24.9154,24.9154
2026-04-20,"NBC News",-7.8435,-7.8435,-7.8435,11.8091,11.8091,11.8091
2026-04-20,"NPR",-23.285,-23.285,-23.285,27.2289,27.2289,27.2289
2026-04-20,"New York Times",-14.3447,-14.3447,-14.3447,16.4632,16.4632,16.4632
2026-04-20,"Reuters",-5.1766,-5.1766,-5.1766,15.8675,15.8675,15.8675
2026-04-20,"USA Today",-12.601,-12.601,-12.601,17.8191,17.8191,17.8191
2026-04-27,"CBS News",-6.2117,-6.2117,-6.2117,10.8298,10.8298,10.8298
2026-04-27,"CNN",-19.727,-19.727,-19.727,24.2017,24.2017,24.2017
2026-04-27,"Fox News",-13.4406,-13.4406,-13.4406,19.9888,19.9888,19.9888
2026-04-27,"Los Angeles Times",-18.0144,-18.0144,-18.0144,24.3983,24.3983,24.3983
2026-04-27,"NBC News",-6.6307,-6.6307,-6.6307,10.5405,10.5405,10.5405
2026-04-27,"NPR",-23.5891,-23.5891,-23.5891,27.6472,27.6472,27.6472
2026-04-27,"New York Times",-14.1316,-14.1316,-14.1316,15.9607,15.9607,15.9607
2026-04-27,"Reuters",-4.7651,-4.7651,-4.7651,15.5657,15.5657,15.5657
2026-04-27,"USA Today",-11.9185,-11.9185,-11.9185,17.1714,17.1714,17.1714
2026-05-04,"CBS News",-5.7922,-5.7922,-5.7922,10.2848,10.2848,10.2848
2026-05-04,"CNN",-19.7869,-19.7869,-19.7869,24.0355,24.0355,24.0355
2026-05-04,"Fox News",-13.8577,-13.8577,-13.8577,20.2802,20.2802,20.2802
2026-05-04,"Los Angeles Times",-17.5894,-17.5894,-17.5894,23.8501,23.8501,23.8501
2026-05-04,"NBC News",-5.3262,-5.3262,-5.3262,9.205,9.205,9.205
2026-05-04,"NPR",-23.8044,-23.8044,-23.8044,28.0375,28.0375,28.0375
2026-05-04,"New York Times",-13.8105,-13.8105,-13.8105,15.3596,15.3596,15.3596
2026-05-04,"Reuters",-4.3258,-4.3258,-4.3258,15.232,15.232,15.232
2026-05-04,"USA Today",-11.2257,-11.2257,-11.2257,16.5065,16.5065,16.5065
