"date","network","smooth_mean","smooth_lower","smooth_upper","smooth_neg_mean","smooth_neg_lower","smooth_neg_upper"
2024-12-30,"ABC",-7.5342,-7.5342,-7.5342,16.6772,16.6772,16.6772
2024-12-30,"CBS",-6.9686,-6.9686,-6.9686,15.669,15.669,15.669
2024-12-30,"CNN",-9.6091,-9.6091,-9.6091,21.6656,21.6656,21.6656
2024-12-30,"Fox",4.4973,4.4973,4.4973,14.6438,14.6438,14.6438
2024-12-30,"MSNBC/MSNow",-14.4965,-14.4965,-14.4965,23.2497,23.2497,23.2497
2024-12-30,"NBC",-3.5743,-3.5743,-3.5743,12.5653,12.5653,12.5653
2025-01-06,"ABC",-8.0324,-8.0324,-8.0324,17.081,17.081,17.081
2025-01-06,"CBS",-7.9903,-7.9903,-7.9903,16.8866,16.8866,16.8866
2025-01-06,"CNN",-10.7103,-10.7103,-10.7103,22.4231,22.4231,22.4231
2025-01-06,"Fox",4.1808,4.1808,4.1808,15.104,15.104,15.104
2025-01-06,"MSNBC/MSNow",-15.661,-15.661,-15.661,24.3341,24.3341,24.3341
2025-01-06,"NBC",-5.0746,-5.0746,-5.0746,14.3223,14.3223,14.3223
2025-01-13,"ABC",-8.5885,-8.5885,-8.5885,17.5393,17.5393,17.5393
2025-01-13,"CBS",-9.0328,-9.0328,-9.0328,18.0768,18.0768,18.0768
2025-01-13,"CNN",-11.8259,-11.8259,-11.8259,23.2177,23.2177,23.2177
2025-01-13,"Fox",3.8042,3.8042,3.8042,15.6168,15.6168,15.6168
2025-01-13,"MSNBC/MSNow",-16.7844,-16.7844,-16.7844,25.3864,25.3864,25.3864
2025-01-13,"NBC",-6.476,-6.476,-6.476,16.0161,16.0161,16.0161
2025-01-20,"ABC",-9.1166,-9.1166,-9.1166,18.0014,18.0014,18.0014
2025-01-20,"CBS",-10.0287,-10.0287,-10.0287,19.2322,19.2322,19.2322
2025-01-20,"CNN",-12.9339,-12.9339,-12.9339,24.0044,24.0044,24.0044
2025-01-20,"Fox",3.4115,3.4115,3.4115,16.1359,16.1359,16.1359
2025-01-20,"MSNBC/MSNow",-17.8977,-17.8977,-17.8977,26.4297,26.4297,26.4297
2025-01-20,"NBC",-7.763,-7.763,-7.763,17.6352,17.6352,17.6352
2025-01-27,"ABC",-9.7113,-9.7113,-9.7113,18.5088,18.5088,18.5088
2025-01-27,"CBS",-11.0526,-11.0526,-11.0526,20.362,20.362,20.362
2025-01-27,"CNN",-14.048,-14.048,-14.048,24.8196,24.8196,24.8196
2025-01-27,"Fox",2.9798,2.9798,2.9798,16.693,16.693,16.693
2025-01-27,"MSNBC/MSNow",-18.9821,-18.9821,-18.9821,27.4461,27.4461,27.4461
2025-01-27,"NBC",-8.9775,-8.9775,-8.9775,19.194,19.194,19.194
2025-02-03,"ABC",-10.3051,-10.3051,-10.3051,18.9609,18.9609,18.9609
2025-02-03,"CBS",-12.0446,-12.0446,-12.0446,21.5064,21.5064,21.5064
2025-02-03,"CNN",-15.1381,-15.1381,-15.1381,25.5948,25.5948,25.5948
2025-02-03,"Fox",2.629,2.629,2.629,17.1832,17.1832,17.1832
2025-02-03,"MSNBC/MSNow",-20.11,-20.11,-20.11,28.4796,28.4796,28.4796
2025-02-03,"NBC",-10.2651,-10.2651,-10.2651,20.7602,20.7602,20.7602
2025-02-10,"ABC",-11.0921,-11.0921,-11.0921,19.5611,19.5611,19.5611
2025-02-10,"CBS",-13.1326,-13.1326,-13.1326,22.5654,22.5654,22.5654
2025-02-10,"CNN",-16.258,-16.258,-16.258,26.4714,26.4714,26.4714
2025-02-10,"Fox",2.1062,2.1062,2.1062,17.8299,17.8299,17.8299
2025-02-10,"MSNBC/MSNow",-21.1435,-21.1435,-21.1435,29.4316,29.4316,29.4316
2025-02-10,"NBC",-11.3459,-11.3459,-11.3459,22.1583,22.1583,22.1583
2025-02-17,"ABC",-12.1616,-12.1616,-12.1616,20.3324,20.3324,20.3324
2025-02-17,"CBS",-14.3689,-14.3689,-14.3689,23.329,23.329,23.329
2025-02-17,"CNN",-17.2233,-17.2233,-17.2233,27.3188,27.3188,27.3188
2025-02-17,"Fox",1.2733,1.2733,1.2733,18.6558,18.6558,18.6558
2025-02-17,"MSNBC/MSNow",-22.0127,-22.0127,-22.0127,30.2537,30.2537,30.2537
2025-02-17,"NBC",-12.392,-12.392,-12.392,23.221,23.221,23.221
2025-02-24,"ABC",-13.0558,-13.0558,-13.0558,20.9887,20.9887,20.9887
2025-02-24,"CBS",-15.3383,-15.3383,-15.3383,23.7941,23.7941,23.7941
2025-02-24,"CNN",-17.9506,-17.9506,-17.9506,27.9361,27.9361,27.9361
2025-02-24,"Fox",0.4181,0.4181,0.4181,19.3842,19.3842,19.3842
2025-02-24,"MSNBC/MSNow",-22.8699,-22.8699,-22.8699,31.0554,31.0554,31.0554
2025-02-24,"NBC",-13.1535,-13.1535,-13.1535,23.8568,23.8568,23.8568
2025-03-03,"ABC",-13.665,-13.665,-13.665,21.5936,21.5936,21.5936
2025-03-03,"CBS",-16.0991,-16.0991,-16.0991,24.2993,24.2993,24.2993
2025-03-03,"CNN",-18.4903,-18.4903,-18.4903,28.4847,28.4847,28.4847
2025-03-03,"Fox",-0.2346,-0.2346,-0.2346,19.9898,19.9898,19.9898
2025-03-03,"MSNBC/MSNow",-23.5525,-23.5525,-23.5525,31.7614,31.7614,31.7614
2025-03-03,"NBC",-13.1421,-13.1421,-13.1421,24.0381,24.0381,24.0381
2025-03-10,"ABC",-14.0021,-14.0021,-14.0021,21.9134,21.9134,21.9134
2025-03-10,"CBS",-16.7776,-16.7776,-16.7776,24.8327,24.8327,24.8327
2025-03-10,"CNN",-18.7528,-18.7528,-18.7528,28.8109,28.8109,28.8109
2025-03-10,"Fox",-0.7242,-0.7242,-0.7242,20.4179,20.4179,20.4179
2025-03-10,"MSNBC/MSNow",-24.1858,-24.1858,-24.1858,32.4292,32.4292,32.4292
2025-03-10,"NBC",-13.0931,-13.0931,-13.0931,23.9759,23.9759,23.9759
2025-03-17,"ABC",-14.2568,-14.2568,-14.2568,22.0464,22.0464,22.0464
2025-03-17,"CBS",-17.4185,-17.4185,-17.4185,25.3552,25.3552,25.3552
2025-03-17,"CNN",-19.0529,-19.0529,-19.0529,29.1241,29.1241,29.1241
2025-03-17,"Fox",-1.3789,-1.3789,-1.3789,20.9251,20.9251,20.9251
2025-03-17,"MSNBC/MSNow",-24.7623,-24.7623,-24.7623,32.9881,32.9881,32.9881
2025-03-17,"NBC",-13.3198,-13.3198,-13.3198,23.9818,23.9818,23.9818
2025-03-24,"ABC",-14.4634,-14.4634,-14.4634,22.0118,22.0118,22.0118
2025-03-24,"CBS",-17.7045,-17.7045,-17.7045,25.5873,25.5873,25.5873
2025-03-24,"CNN",-19.1439,-19.1439,-19.1439,29.2447,29.2447,29.2447
2025-03-24,"Fox",-2.0035,-2.0035,-2.0035,21.3815,21.3815,21.3815
2025-03-24,"MSNBC/MSNow",-25.2223,-25.2223,-25.2223,33.4676,33.4676,33.4676
2025-03-24,"NBC",-13.9769,-13.9769,-13.9769,24.1087,24.1087,24.1087
2025-03-31,"ABC",-14.5727,-14.5727,-14.5727,21.8872,21.8872,21.8872
2025-03-31,"CBS",-17.7097,-17.7097,-17.7097,25.725,25.725,25.725
2025-03-31,"CNN",-19.1237,-19.1237,-19.1237,29.3068,29.3068,29.3068
2025-03-31,"Fox",-2.4522,-2.4522,-2.4522,21.76,21.76,21.76
2025-03-31,"MSNBC/MSNow",-25.4541,-25.4541,-25.4541,33.7692,33.7692,33.7692
2025-03-31,"NBC",-14.6996,-14.6996,-14.6996,24.3605,24.3605,24.3605
2025-04-07,"ABC",-14.3364,-14.3364,-14.3364,21.5044,21.5044,21.5044
2025-04-07,"CBS",-17.472,-17.472,-17.472,25.6947,25.6947,25.6947
2025-04-07,"CNN",-18.6099,-18.6099,-18.6099,29.0327,29.0327,29.0327
2025-04-07,"Fox",-2.2998,-2.2998,-2.2998,21.7101,21.7101,21.7101
2025-04-07,"MSNBC/MSNow",-25.5774,-25.5774,-25.5774,33.9633,33.9633,33.9633
2025-04-07,"NBC",-14.7247,-14.7247,-14.7247,24.1497,24.1497,24.1497
2025-04-14,"ABC",-13.9234,-13.9234,-13.9234,20.9529,20.9529,20.9529
2025-04-14,"CBS",-16.9324,-16.9324,-16.9324,25.4029,25.4029,25.4029
2025-04-14,"CNN",-17.9278,-17.9278,-17.9278,28.6303,28.6303,28.6303
2025-04-14,"Fox",-1.8505,-1.8505,-1.8505,21.4934,21.4934,21.4934
2025-04-14,"MSNBC/MSNow",-25.5778,-25.5778,-25.5778,33.9662,33.9662,33.9662
2025-04-14,"NBC",-14.1491,-14.1491,-14.1491,23.6677,23.6677,23.6677
2025-04-21,"ABC",-13.6583,-13.6583,-13.6583,20.528,20.528,20.528
2025-04-21,"CBS",-16.2874,-16.2874,-16.2874,25.1222,25.1222,25.1222
2025-04-21,"CNN",-17.4441,-17.4441,-17.4441,28.3221,28.3221,28.3221
2025-04-21,"Fox",-1.5947,-1.5947,-1.5947,21.3445,21.3445,21.3445
2025-04-21,"MSNBC/MSNow",-25.4696,-25.4696,-25.4696,33.8745,33.8745,33.8745
2025-04-21,"NBC",-13.5558,-13.5558,-13.5558,23.244,23.244,23.244
2025-04-28,"ABC",-13.5387,-13.5387,-13.5387,20.1843,20.1843,20.1843
2025-04-28,"CBS",-15.3444,-15.3444,-15.3444,24.402,24.402,24.402
2025-04-28,"CNN",-16.8949,-16.8949,-16.8949,27.8714,27.8714,27.8714
2025-04-28,"Fox",-1.3667,-1.3667,-1.3667,21.1031,21.1031,21.1031
2025-04-28,"MSNBC/MSNow",-25.3548,-25.3548,-25.3548,33.7048,33.7048,33.7048
2025-04-28,"NBC",-12.7896,-12.7896,-12.7896,22.6813,22.6813,22.6813
2025-05-05,"ABC",-13.6231,-13.6231,-13.6231,19.8777,19.8777,19.8777
2025-05-05,"CBS",-14.4089,-14.4089,-14.4089,23.3988,23.3988,23.3988
2025-05-05,"CNN",-16.4135,-16.4135,-16.4135,27.2991,27.2991,27.2991
2025-05-05,"Fox",-1.3802,-1.3802,-1.3802,20.9209,20.9209,20.9209
2025-05-05,"MSNBC/MSNow",-25.1351,-25.1351,-25.1351,33.3792,33.3792,33.3792
2025-05-05,"NBC",-12.5687,-12.5687,-12.5687,22.4997,22.4997,22.4997
2025-05-12,"ABC",-13.854,-13.854,-13.854,19.6547,19.6547,19.6547
2025-05-12,"CBS",-13.5461,-13.5461,-13.5461,22.335,22.335,22.335
2025-05-12,"CNN",-15.8724,-15.8724,-15.8724,26.5771,26.5771,26.5771
2025-05-12,"Fox",-1.4384,-1.4384,-1.4384,20.6214,20.6214,20.6214
2025-05-12,"MSNBC/MSNow",-24.8824,-24.8824,-24.8824,33.021,33.021,33.021
2025-05-12,"NBC",-12.4362,-12.4362,-12.4362,22.3442,22.3442,22.3442
2025-05-19,"ABC",-13.7202,-13.7202,-13.7202,19.2019,19.2019,19.2019
2025-05-19,"CBS",-12.5257,-12.5257,-12.5257,21.1092,21.1092,21.1092
2025-05-19,"CNN",-15.0276,-15.0276,-15.0276,25.76,25.76,25.76
2025-05-19,"Fox",-0.9347,-0.9347,-0.9347,20.1126,20.1126,20.1126
2025-05-19,"MSNBC/MSNow",-24.6643,-24.6643,-24.6643,32.7354,32.7354,32.7354
2025-05-19,"NBC",-11.7576,-11.7576,-11.7576,22.0613,22.0613,22.0613
2025-05-26,"ABC",-13.367,-13.367,-13.367,18.653,18.653,18.653
2025-05-26,"CBS",-11.7505,-11.7505,-11.7505,20.1211,20.1211,20.1211
2025-05-26,"CNN",-14.1977,-14.1977,-14.1977,25.0221,25.0221,25.0221
2025-05-26,"Fox",-0.3098,-0.3098,-0.3098,19.5761,19.5761,19.5761
2025-05-26,"MSNBC/MSNow",-24.3799,-24.3799,-24.3799,32.5032,32.5032,32.5032
2025-05-26,"NBC",-10.5309,-10.5309,-10.5309,21.4782,21.4782,21.4782
2025-06-02,"ABC",-12.9098,-12.9098,-12.9098,18.0593,18.0593,18.0593
2025-06-02,"CBS",-11.2168,-11.2168,-11.2168,19.3838,19.3838,19.3838
2025-06-02,"CNN",-13.5758,-13.5758,-13.5758,24.5246,24.5246,24.5246
2025-06-02,"Fox",0.2675,0.2675,0.2675,19.2073,19.2073,19.2073
2025-06-02,"MSNBC/MSNow",-24.0316,-24.0316,-24.0316,32.3395,32.3395,32.3395
2025-06-02,"NBC",-9.2911,-9.2911,-9.2911,21.039,21.039,21.039
2025-06-09,"ABC",-12.9798,-12.9798,-12.9798,17.8601,17.8601,17.8601
2025-06-09,"CBS",-10.9208,-10.9208,-10.9208,18.935,18.935,18.935
2025-06-09,"CNN",-13.5807,-13.5807,-13.5807,24.3048,24.3048,24.3048
2025-06-09,"Fox",0.0211,0.0211,0.0211,19.253,19.253,19.253
2025-06-09,"MSNBC/MSNow",-23.6778,-23.6778,-23.6778,32.0829,32.0829,32.0829
2025-06-09,"NBC",-8.5102,-8.5102,-8.5102,20.5993,20.5993,20.5993
2025-06-16,"ABC",-12.9728,-12.9728,-12.9728,17.652,17.652,17.652
2025-06-16,"CBS",-10.7319,-10.7319,-10.7319,18.7385,18.7385,18.7385
2025-06-16,"CNN",-13.8593,-13.8593,-13.8593,24.3017,24.3017,24.3017
2025-06-16,"Fox",-0.3153,-0.3153,-0.3153,19.4829,19.4829,19.4829
2025-06-16,"MSNBC/MSNow",-23.3377,-23.3377,-23.3377,31.7719,31.7719,31.7719
2025-06-16,"NBC",-7.2158,-7.2158,-7.2158,19.6476,19.6476,19.6476
2025-06-23,"ABC",-12.736,-12.736,-12.736,17.362,17.362,17.362
2025-06-23,"CBS",-10.6536,-10.6536,-10.6536,18.6455,18.6455,18.6455
2025-06-23,"CNN",-14.1397,-14.1397,-14.1397,24.3076,24.3076,24.3076
2025-06-23,"Fox",-0.4106,-0.4106,-0.4106,19.7361,19.7361,19.7361
2025-06-23,"MSNBC/MSNow",-23.0758,-23.0758,-23.0758,31.4974,31.4974,31.4974
2025-06-23,"NBC",-6.6015,-6.6015,-6.6015,19.1996,19.1996,19.1996
2025-06-30,"ABC",-12.4694,-12.4694,-12.4694,17.2234,17.2234,17.2234
2025-06-30,"CBS",-10.6102,-10.6102,-10.6102,18.7151,18.7151,18.7151
2025-06-30,"CNN",-14.6962,-14.6962,-14.6962,24.5206,24.5206,24.5206
2025-06-30,"Fox",-0.5985,-0.5985,-0.5985,20.1291,20.1291,20.1291
2025-06-30,"MSNBC/MSNow",-22.9654,-22.9654,-22.9654,31.2637,31.2637,31.2637
2025-06-30,"NBC",-6.32,-6.32,-6.32,18.7866,18.7866,18.7866
2025-07-07,"ABC",-11.6899,-11.6899,-11.6899,16.8951,16.8951,16.8951
2025-07-07,"CBS",-10.5884,-10.5884,-10.5884,18.8804,18.8804,18.8804
2025-07-07,"CNN",-15.1929,-15.1929,-15.1929,24.9046,24.9046,24.9046
2025-07-07,"Fox",-0.4725,-0.4725,-0.4725,20.3925,20.3925,20.3925
2025-07-07,"MSNBC/MSNow",-22.8865,-22.8865,-22.8865,31.1918,31.1918,31.1918
2025-07-07,"NBC",-6.1003,-6.1003,-6.1003,18.5543,18.5543,18.5543
2025-07-14,"ABC",-10.958,-10.958,-10.958,16.7019,16.7019,16.7019
2025-07-14,"CBS",-10.6597,-10.6597,-10.6597,19.1198,19.1198,19.1198
2025-07-14,"CNN",-15.7604,-15.7604,-15.7604,25.3065,25.3065,25.3065
2025-07-14,"Fox",-0.55,-0.55,-0.55,20.622,20.622,20.622
2025-07-14,"MSNBC/MSNow",-22.8693,-22.8693,-22.8693,31.1556,31.1556,31.1556
2025-07-14,"NBC",-6.9059,-6.9059,-6.9059,18.8266,18.8266,18.8266
2025-07-21,"ABC",-10.7894,-10.7894,-10.7894,16.9389,16.9389,16.9389
2025-07-21,"CBS",-10.7493,-10.7493,-10.7493,19.3921,19.3921,19.3921
2025-07-21,"CNN",-16.429,-16.429,-16.429,25.7963,25.7963,25.7963
2025-07-21,"Fox",-1.0354,-1.0354,-1.0354,20.9418,20.9418,20.9418
2025-07-21,"MSNBC/MSNow",-22.9027,-22.9027,-22.9027,31.1136,31.1136,31.1136
2025-07-21,"NBC",-7.5182,-7.5182,-7.5182,18.5268,18.5268,18.5268
2025-07-28,"ABC",-10.883,-10.883,-10.883,17.3117,17.3117,17.3117
2025-07-28,"CBS",-10.9563,-10.9563,-10.9563,19.6721,19.6721,19.6721
2025-07-28,"CNN",-17.0885,-17.0885,-17.0885,26.1855,26.1855,26.1855
2025-07-28,"Fox",-1.7177,-1.7177,-1.7177,21.222,21.222,21.222
2025-07-28,"MSNBC/MSNow",-22.9935,-22.9935,-22.9935,31.039,31.039,31.039
2025-07-28,"NBC",-8.6272,-8.6272,-8.6272,18.6447,18.6447,18.6447
2025-08-04,"ABC",-10.9364,-10.9364,-10.9364,17.6471,17.6471,17.6471
2025-08-04,"CBS",-11.1247,-11.1247,-11.1247,19.8491,19.8491,19.8491
2025-08-04,"CNN",-17.4424,-17.4424,-17.4424,26.4914,26.4914,26.4914
2025-08-04,"Fox",-2.1651,-2.1651,-2.1651,21.2996,21.2996,21.2996
2025-08-04,"MSNBC/MSNow",-23.0592,-23.0592,-23.0592,31.0633,31.0633,31.0633
2025-08-04,"NBC",-10.594,-10.594,-10.594,19.4879,19.4879,19.4879
2025-08-11,"ABC",-10.3377,-10.3377,-10.3377,17.5047,17.5047,17.5047
2025-08-11,"CBS",-11.1768,-11.1768,-11.1768,19.8437,19.8437,19.8437
2025-08-11,"CNN",-17.4424,-17.4424,-17.4424,26.4956,26.4956,26.4956
2025-08-11,"Fox",-2.1994,-2.1994,-2.1994,20.9984,20.9984,20.9984
2025-08-11,"MSNBC/MSNow",-22.9468,-22.9468,-22.9468,31.0002,31.0002,31.0002
2025-08-11,"NBC",-12.1757,-12.1757,-12.1757,20.2161,20.2161,20.2161
2025-08-18,"ABC",-9.6465,-9.6465,-9.6465,17.1306,17.1306,17.1306
2025-08-18,"CBS",-11.1547,-11.1547,-11.1547,19.7345,19.7345,19.7345
2025-08-18,"CNN",-17.2772,-17.2772,-17.2772,26.3016,26.3016,26.3016
2025-08-18,"Fox",-2.2564,-2.2564,-2.2564,20.4796,20.4796,20.4796
2025-08-18,"MSNBC/MSNow",-22.6575,-22.6575,-22.6575,30.7719,30.7719,30.7719
2025-08-18,"NBC",-13.6199,-13.6199,-13.6199,21.0163,21.0163,21.0163
2025-08-25,"ABC",-9.0902,-9.0902,-9.0902,16.7851,16.7851,16.7851
2025-08-25,"CBS",-10.9695,-10.9695,-10.9695,19.4431,19.4431,19.4431
2025-08-25,"CNN",-17.0774,-17.0774,-17.0774,26.1668,26.1668,26.1668
2025-08-25,"Fox",-2.2098,-2.2098,-2.2098,19.9164,19.9164,19.9164
2025-08-25,"MSNBC/MSNow",-22.5072,-22.5072,-22.5072,30.7001,30.7001,30.7001
2025-08-25,"NBC",-14.3703,-14.3703,-14.3703,21.2484,21.2484,21.2484
2025-09-01,"ABC",-8.5337,-8.5337,-8.5337,16.3431,16.3431,16.3431
2025-09-01,"CBS",-10.5261,-10.5261,-10.5261,18.9392,18.9392,18.9392
2025-09-01,"CNN",-16.9045,-16.9045,-16.9045,25.9436,25.9436,25.9436
2025-09-01,"Fox",-2.0322,-2.0322,-2.0322,19.3466,19.3466,19.3466
2025-09-01,"MSNBC/MSNow",-22.4005,-22.4005,-22.4005,30.5699,30.5699,30.5699
2025-09-01,"NBC",-14.0112,-14.0112,-14.0112,20.5933,20.5933,20.5933
2025-09-08,"ABC",-8.0415,-8.0415,-8.0415,15.9352,15.9352,15.9352
2025-09-08,"CBS",-9.9258,-9.9258,-9.9258,18.437,18.437,18.437
2025-09-08,"CNN",-16.7351,-16.7351,-16.7351,25.7358,25.7358,25.7358
2025-09-08,"Fox",-1.6745,-1.6745,-1.6745,18.9427,18.9427,18.9427
2025-09-08,"MSNBC/MSNow",-22.295,-22.295,-22.295,30.3945,30.3945,30.3945
2025-09-08,"NBC",-13.3378,-13.3378,-13.3378,19.7852,19.7852,19.7852
2025-09-15,"ABC",-7.2186,-7.2186,-7.2186,15.2635,15.2635,15.2635
2025-09-15,"CBS",-9.1951,-9.1951,-9.1951,17.9073,17.9073,17.9073
2025-09-15,"CNN",-16.6177,-16.6177,-16.6177,25.5534,25.5534,25.5534
2025-09-15,"Fox",-0.9886,-0.9886,-0.9886,18.5874,18.5874,18.5874
2025-09-15,"MSNBC/MSNow",-22.2904,-22.2904,-22.2904,30.2955,30.2955,30.2955
2025-09-15,"NBC",-12.6361,-12.6361,-12.6361,19.0841,19.0841,19.0841
2025-09-22,"ABC",-6.4399,-6.4399,-6.4399,14.3918,14.3918,14.3918
2025-09-22,"CBS",-8.6841,-8.6841,-8.6841,17.5737,17.5737,17.5737
2025-09-22,"CNN",-16.522,-16.522,-16.522,25.3413,25.3413,25.3413
2025-09-22,"Fox",-0.362,-0.362,-0.362,18.2876,18.2876,18.2876
2025-09-22,"MSNBC/MSNow",-22.4729,-22.4729,-22.4729,30.358,30.358,30.358
2025-09-22,"NBC",-12.4464,-12.4464,-12.4464,18.9275,18.9275,18.9275
2025-09-29,"ABC",-5.9084,-5.9084,-5.9084,13.9236,13.9236,13.9236
2025-09-29,"CBS",-8.1005,-8.1005,-8.1005,17.1921,17.1921,17.1921
2025-09-29,"CNN",-16.5056,-16.5056,-16.5056,25.1931,25.1931,25.1931
2025-09-29,"Fox",-0.0049,-0.0049,-0.0049,18.1855,18.1855,18.1855
2025-09-29,"MSNBC/MSNow",-22.8252,-22.8252,-22.8252,30.6572,30.6572,30.6572
2025-09-29,"NBC",-12.5041,-12.5041,-12.5041,19.0796,19.0796,19.0796
2025-10-06,"ABC",-6.0043,-6.0043,-6.0043,14.0397,14.0397,14.0397
2025-10-06,"CBS",-7.7009,-7.7009,-7.7009,17.0211,17.0211,17.0211
2025-10-06,"CNN",-16.6107,-16.6107,-16.6107,25.2771,25.2771,25.2771
2025-10-06,"Fox",0.0668,0.0668,0.0668,18.4443,18.4443,18.4443
2025-10-06,"MSNBC/MSNow",-23.44,-23.44,-23.44,31.2757,31.2757,31.2757
2025-10-06,"NBC",-12.5003,-12.5003,-12.5003,19.2518,19.2518,19.2518
2025-10-13,"ABC",-6.3647,-6.3647,-6.3647,14.474,14.474,14.474
2025-10-13,"CBS",-7.331,-7.331,-7.331,16.8115,16.8115,16.8115
2025-10-13,"CNN",-16.8631,-16.8631,-16.8631,25.5722,25.5722,25.5722
2025-10-13,"Fox",0.2591,0.2591,0.2591,18.8244,18.8244,18.8244
2025-10-13,"MSNBC/MSNow",-24.2599,-24.2599,-24.2599,31.9872,31.9872,31.9872
2025-10-13,"NBC",-12.9548,-12.9548,-12.9548,19.9788,19.9788,19.9788
2025-10-20,"ABC",-7.034,-7.034,-7.034,15.2025,15.2025,15.2025
2025-10-20,"CBS",-7.1401,-7.1401,-7.1401,16.6467,16.6467,16.6467
2025-10-20,"CNN",-17.182,-17.182,-17.182,25.9021,25.9021,25.9021
2025-10-20,"Fox",0.1254,0.1254,0.1254,19.2586,19.2586,19.2586
2025-10-20,"MSNBC/MSNow",-25.0719,-25.0719,-25.0719,32.6356,32.6356,32.6356
2025-10-20,"NBC",-13.0718,-13.0718,-13.0718,20.5034,20.5034,20.5034
2025-10-27,"ABC",-7.449,-7.449,-7.449,15.5804,15.5804,15.5804
2025-10-27,"CBS",-7.0408,-7.0408,-7.0408,16.6243,16.6243,16.6243
2025-10-27,"CNN",-17.4522,-17.4522,-17.4522,26.2693,26.2693,26.2693
2025-10-27,"Fox",0.2191,0.2191,0.2191,19.57,19.57,19.57
2025-10-27,"MSNBC/MSNow",-25.8959,-25.8959,-25.8959,33.3532,33.3532,33.3532
2025-10-27,"NBC",-13.1863,-13.1863,-13.1863,20.9831,20.9831,20.9831
2025-11-03,"ABC",-7.8473,-7.8473,-7.8473,15.9736,15.9736,15.9736
2025-11-03,"CBS",-6.9788,-6.9788,-6.9788,16.5282,16.5282,16.5282
2025-11-03,"CNN",-17.7841,-17.7841,-17.7841,26.684,26.684,26.684
2025-11-03,"Fox",0.3776,0.3776,0.3776,19.6505,19.6505,19.6505
2025-11-03,"MSNBC/MSNow",-26.7603,-26.7603,-26.7603,34.0525,34.0525,34.0525
2025-11-03,"NBC",-13.6892,-13.6892,-13.6892,21.6649,21.6649,21.6649
2025-11-10,"ABC",-8.6461,-8.6461,-8.6461,16.7912,16.7912,16.7912
2025-11-10,"CBS",-7.0443,-7.0443,-7.0443,16.4962,16.4962,16.4962
2025-11-10,"CNN",-18.2188,-18.2188,-18.2188,27.1428,27.1428,27.1428
2025-11-10,"Fox",0.1662,0.1662,0.1662,19.7436,19.7436,19.7436
2025-11-10,"MSNBC/MSNow",-27.5921,-27.5921,-27.5921,34.7346,34.7346,34.7346
2025-11-10,"NBC",-13.8837,-13.8837,-13.8837,21.9532,21.9532,21.9532
2025-11-17,"ABC",-9.1366,-9.1366,-9.1366,17.456,17.456,17.456
2025-11-17,"CBS",-6.9796,-6.9796,-6.9796,16.384,16.384,16.384
2025-11-17,"CNN",-18.7114,-18.7114,-18.7114,27.6726,27.6726,27.6726
2025-11-17,"Fox",0.3883,0.3883,0.3883,19.6157,19.6157,19.6157
2025-11-17,"MSNBC/MSNow",-28.2437,-28.2437,-28.2437,35.2362,35.2362,35.2362
2025-11-17,"NBC",-14.1714,-14.1714,-14.1714,22.2,22.2,22.2
2025-11-24,"ABC",-9.5934,-9.5934,-9.5934,18.1535,18.1535,18.1535
2025-11-24,"CBS",-6.7289,-6.7289,-6.7289,16.1414,16.1414,16.1414
2025-11-24,"CNN",-19.2135,-19.2135,-19.2135,28.1492,28.1492,28.1492
2025-11-24,"Fox",0.8049,0.8049,0.8049,19.4159,19.4159,19.4159
2025-11-24,"MSNBC/MSNow",-28.5933,-28.5933,-28.5933,35.4031,35.4031,35.4031
2025-11-24,"NBC",-14.1894,-14.1894,-14.1894,21.9496,21.9496,21.9496
2025-12-01,"ABC",-9.4736,-9.4736,-9.4736,18.1579,18.1579,18.1579
2025-12-01,"CBS",-6.4296,-6.4296,-6.4296,15.8894,15.8894,15.8894
2025-12-01,"CNN",-19.6811,-19.6811,-19.6811,28.5476,28.5476,28.5476
2025-12-01,"Fox",1.3735,1.3735,1.3735,19.0902,19.0902,19.0902
2025-12-01,"MSNBC/MSNow",-28.8434,-28.8434,-28.8434,35.4676,35.4676,35.4676
2025-12-01,"NBC",-13.6561,-13.6561,-13.6561,21.0914,21.0914,21.0914
2025-12-08,"ABC",-9.3208,-9.3208,-9.3208,18.0083,18.0083,18.0083
2025-12-08,"CBS",-6.1435,-6.1435,-6.1435,15.7822,15.7822,15.7822
2025-12-08,"CNN",-20.1208,-20.1208,-20.1208,28.8725,28.8725,28.8725
2025-12-08,"Fox",1.7391,1.7391,1.7391,18.8559,18.8559,18.8559
2025-12-08,"MSNBC/MSNow",-28.9454,-28.9454,-28.9454,35.478,35.478,35.478
2025-12-08,"NBC",-13.3384,-13.3384,-13.3384,20.2889,20.2889,20.2889
2025-12-15,"ABC",-9.2991,-9.2991,-9.2991,17.9431,17.9431,17.9431
2025-12-15,"CBS",-6.2356,-6.2356,-6.2356,16.0811,16.0811,16.0811
2025-12-15,"CNN",-20.478,-20.478,-20.478,29.1849,29.1849,29.1849
2025-12-15,"Fox",2.2212,2.2212,2.2212,18.4863,18.4863,18.4863
2025-12-15,"MSNBC/MSNow",-29.1864,-29.1864,-29.1864,35.705,35.705,35.705
2025-12-15,"NBC",-13.2184,-13.2184,-13.2184,19.6478,19.6478,19.6478
2025-12-22,"ABC",-9.5346,-9.5346,-9.5346,17.9859,17.9859,17.9859
2025-12-22,"CBS",-6.6524,-6.6524,-6.6524,16.6419,16.6419,16.6419
2025-12-22,"CNN",-20.7677,-20.7677,-20.7677,29.3779,29.3779,29.3779
2025-12-22,"Fox",2.4063,2.4063,2.4063,18.1959,18.1959,18.1959
2025-12-22,"MSNBC/MSNow",-29.4256,-29.4256,-29.4256,35.95,35.95,35.95
2025-12-22,"NBC",-13.2667,-13.2667,-13.2667,19.2282,19.2282,19.2282
2025-12-29,"ABC",-10.0465,-10.0465,-10.0465,18.277,18.277,18.277
2025-12-29,"CBS",-7.3951,-7.3951,-7.3951,17.3775,17.3775,17.3775
2025-12-29,"CNN",-20.9714,-20.9714,-20.9714,29.4633,29.4633,29.4633
2025-12-29,"Fox",2.5044,2.5044,2.5044,17.9868,17.9868,17.9868
2025-12-29,"MSNBC/MSNow",-29.4862,-29.4862,-29.4862,36.0136,36.0136,36.0136
2025-12-29,"NBC",-13.2642,-13.2642,-13.2642,18.745,18.745,18.745
2026-01-05,"ABC",-10.7115,-10.7115,-10.7115,18.6201,18.6201,18.6201
2026-01-05,"CBS",-8.7554,-8.7554,-8.7554,18.4912,18.4912,18.4912
2026-01-05,"CNN",-21.0242,-21.0242,-21.0242,29.4257,29.4257,29.4257
2026-01-05,"Fox",2.6195,2.6195,2.6195,17.7112,17.7112,17.7112
2026-01-05,"MSNBC/MSNow",-29.6604,-29.6604,-29.6604,36.172,36.172,36.172
2026-01-05,"NBC",-13.0739,-13.0739,-13.0739,18.1441,18.1441,18.1441
2026-01-12,"ABC",-11.1119,-11.1119,-11.1119,18.549,18.549,18.549
2026-01-12,"CBS",-9.7366,-9.7366,-9.7366,19.3082,19.3082,19.3082
2026-01-12,"CNN",-21.066,-21.066,-21.066,29.3156,29.3156,29.3156
2026-01-12,"Fox",2.4443,2.4443,2.4443,17.5693,17.5693,17.5693
2026-01-12,"MSNBC/MSNow",-29.7752,-29.7752,-29.7752,36.2918,36.2918,36.2918
2026-01-12,"NBC",-12.6213,-12.6213,-12.6213,17.3784,17.3784,17.3784
2026-01-19,"ABC",-11.3532,-11.3532,-11.3532,18.34,18.34,18.34
2026-01-19,"CBS",-10.5471,-10.5471,-10.5471,19.9223,19.9223,19.9223
2026-01-19,"CNN",-21.0983,-21.0983,-21.0983,29.2388,29.2388,29.2388
2026-01-19,"Fox",2.3165,2.3165,2.3165,17.4052,17.4052,17.4052
2026-01-19,"MSNBC/MSNow",-29.9039,-29.9039,-29.9039,36.4311,36.4311,36.4311
2026-01-19,"NBC",-11.8753,-11.8753,-11.8753,16.5389,16.5389,16.5389
2026-01-26,"ABC",-11.0383,-11.0383,-11.0383,17.7083,17.7083,17.7083
2026-01-26,"CBS",-10.7455,-10.7455,-10.7455,20.1351,20.1351,20.1351
2026-01-26,"CNN",-20.9943,-20.9943,-20.9943,29.0798,29.0798,29.0798
2026-01-26,"Fox",2.3832,2.3832,2.3832,17.1768,17.1768,17.1768
2026-01-26,"MSNBC/MSNow",-30.181,-30.181,-30.181,36.6493,36.6493,36.6493
2026-01-26,"NBC",-10.8785,-10.8785,-10.8785,15.5933,15.5933,15.5933
2026-02-02,"ABC",-10.7378,-10.7378,-10.7378,17.2524,17.2524,17.2524
2026-02-02,"CBS",-11.1425,-11.1425,-11.1425,20.3792,20.3792,20.3792
2026-02-02,"CNN",-20.6632,-20.6632,-20.6632,28.7823,28.7823,28.7823
2026-02-02,"Fox",2.5854,2.5854,2.5854,16.9158,16.9158,16.9158
2026-02-02,"MSNBC/MSNow",-30.4977,-30.4977,-30.4977,36.8555,36.8555,36.8555
2026-02-02,"NBC",-10.1614,-10.1614,-10.1614,14.9225,14.9225,14.9225
2026-02-09,"ABC",-9.9679,-9.9679,-9.9679,16.5059,16.5059,16.5059
2026-02-09,"CBS",-10.741,-10.741,-10.741,20.033,20.033,20.033
2026-02-09,"CNN",-20.1627,-20.1627,-20.1627,28.3534,28.3534,28.3534
2026-02-09,"Fox",2.7135,2.7135,2.7135,16.7963,16.7963,16.7963
2026-02-09,"MSNBC/MSNow",-30.7542,-30.7542,-30.7542,36.9653,36.9653,36.9653
2026-02-16,"ABC",-9.2046,-9.2046,-9.2046,15.839,15.839,15.839
2026-02-16,"CBS",-10.1694,-10.1694,-10.1694,19.4886,19.4886,19.4886
2026-02-16,"CNN",-19.6937,-19.6937,-19.6937,28.032,28.032,28.032
2026-02-16,"Fox",2.7042,2.7042,2.7042,16.8061,16.8061,16.8061
2026-02-16,"MSNBC/MSNow",-30.8233,-30.8233,-30.8233,36.9779,36.9779,36.9779
2026-02-23,"ABC",-8.2977,-8.2977,-8.2977,15.1681,15.1681,15.1681
2026-02-23,"CBS",-9.0511,-9.0511,-9.0511,18.6546,18.6546,18.6546
2026-02-23,"CNN",-19.1996,-19.1996,-19.1996,27.7535,27.7535,27.7535
2026-02-23,"Fox",2.4987,2.4987,2.4987,16.903,16.903,16.903
2026-02-23,"MSNBC/MSNow",-30.893,-30.893,-30.893,37.0356,37.0356,37.0356
2026-02-23,"NBC",-9.831,-9.831,-9.831,14.9963,14.9963,14.9963
2026-03-02,"ABC",-7.0807,-7.0807,-7.0807,14.1904,14.1904,14.1904
2026-03-02,"CBS",-7.3325,-7.3325,-7.3325,17.4154,17.4154,17.4154
2026-03-02,"CNN",-18.9763,-18.9763,-18.9763,27.7244,27.7244,27.7244
2026-03-02,"Fox",2.0911,2.0911,2.0911,17.1101,17.1101,17.1101
2026-03-02,"MSNBC/MSNow",-30.9769,-30.9769,-30.9769,37.1759,37.1759,37.1759
2026-03-02,"NBC",-9.5546,-9.5546,-9.5546,14.8922,14.8922,14.8922
2026-03-09,"ABC",-6.2012,-6.2012,-6.2012,13.6452,13.6452,13.6452
2026-03-09,"CBS",-6.0827,-6.0827,-6.0827,16.4272,16.4272,16.4272
2026-03-09,"CNN",-18.8966,-18.8966,-18.8966,27.9077,27.9077,27.9077
2026-03-09,"Fox",1.5581,1.5581,1.5581,17.3656,17.3656,17.3656
2026-03-09,"MSNBC/MSNow",-31.1244,-31.1244,-31.1244,37.4707,37.4707,37.4707
2026-03-09,"NBC",-9.6439,-9.6439,-9.6439,15.1814,15.1814,15.1814
2026-03-16,"ABC",-5.6777,-5.6777,-5.6777,13.5117,13.5117,13.5117
2026-03-16,"CBS",-5.1425,-5.1425,-5.1425,15.5679,15.5679,15.5679
2026-03-16,"CNN",-18.6383,-18.6383,-18.6383,27.8891,27.8891,27.8891
2026-03-16,"Fox",0.8706,0.8706,0.8706,17.7341,17.7341,17.7341
2026-03-16,"MSNBC/MSNow",-31.4077,-31.4077,-31.4077,37.8715,37.8715,37.8715
2026-03-16,"NBC",-10.122,-10.122,-10.122,15.9331,15.9331,15.9331
2026-03-23,"ABC",-5.594,-5.594,-5.594,13.7062,13.7062,13.7062
2026-03-23,"CBS",-4.6779,-4.6779,-4.6779,14.9186,14.9186,14.9186
2026-03-23,"CNN",-18.603,-18.603,-18.603,28.0238,28.0238,28.0238
2026-03-23,"Fox",-0.1989,-0.1989,-0.1989,18.2387,18.2387,18.2387
2026-03-23,"MSNBC/MSNow",-31.671,-31.671,-31.671,38.399,38.399,38.399
2026-03-23,"NBC",-10.5278,-10.5278,-10.5278,16.6103,16.6103,16.6103
2026-03-30,"ABC",-5.9657,-5.9657,-5.9657,14.2093,14.2093,14.2093
2026-03-30,"CBS",-4.8973,-4.8973,-4.8973,15.0321,15.0321,15.0321
2026-03-30,"CNN",-18.7267,-18.7267,-18.7267,28.3396,28.3396,28.3396
2026-03-30,"Fox",-1.5463,-1.5463,-1.5463,18.6639,18.6639,18.6639
2026-03-30,"MSNBC/MSNow",-31.7251,-31.7251,-31.7251,38.9122,38.9122,38.9122
2026-03-30,"NBC",-10.906,-10.906,-10.906,17.3466,17.3466,17.3466
2026-04-06,"ABC",-6.4143,-6.4143,-6.4143,14.7035,14.7035,14.7035
2026-04-06,"CBS",-5.3212,-5.3212,-5.3212,15.3949,15.3949,15.3949
2026-04-06,"CNN",-18.8374,-18.8374,-18.8374,28.6424,28.6424,28.6424
2026-04-06,"Fox",-2.9151,-2.9151,-2.9151,19.0399,19.0399,19.0399
2026-04-06,"MSNBC/MSNow",-31.7044,-31.7044,-31.7044,39.3859,39.3859,39.3859
2026-04-06,"NBC",-11.1269,-11.1269,-11.1269,17.9709,17.9709,17.9709
2026-04-13,"ABC",-6.8085,-6.8085,-6.8085,15.1991,15.1991,15.1991
2026-04-13,"CBS",-5.7419,-5.7419,-5.7419,15.7117,15.7117,15.7117
2026-04-13,"CNN",-19.0048,-19.0048,-19.0048,29.0332,29.0332,29.0332
2026-04-13,"Fox",-4.207,-4.207,-4.207,19.4116,19.4116,19.4116
2026-04-13,"MSNBC/MSNow",-31.711,-31.711,-31.711,39.8997,39.8997,39.8997
2026-04-13,"NBC",-11.3208,-11.3208,-11.3208,18.572,18.572,18.572
2026-04-20,"ABC",-7.2154,-7.2154,-7.2154,15.6925,15.6925,15.6925
2026-04-20,"CBS",-6.2296,-6.2296,-6.2296,16.112,16.112,16.112
2026-04-20,"CNN",-19.1681,-19.1681,-19.1681,29.4264,29.4264,29.4264
2026-04-20,"Fox",-5.4892,-5.4892,-5.4892,19.7639,19.7639,19.7639
2026-04-20,"MSNBC/MSNow",-31.7027,-31.7027,-31.7027,40.4076,40.4076,40.4076
2026-04-20,"NBC",-11.4519,-11.4519,-11.4519,19.1275,19.1275,19.1275
2026-04-27,"ABC",-7.6688,-7.6688,-7.6688,16.1961,16.1961,16.1961
2026-04-27,"CBS",-6.7358,-6.7358,-6.7358,16.4761,16.4761,16.4761
2026-04-27,"CNN",-19.3334,-19.3334,-19.3334,29.7899,29.7899,29.7899
2026-04-27,"Fox",-6.8428,-6.8428,-6.8428,20.1452,20.1452,20.1452
2026-04-27,"MSNBC/MSNow",-31.6937,-31.6937,-31.6937,40.922,40.922,40.922
2026-04-27,"NBC",-11.5315,-11.5315,-11.5315,19.6267,19.6267,19.6267
2026-05-04,"ABC",-8.1469,-8.1469,-8.1469,16.7001,16.7001,16.7001
2026-05-04,"CBS",-7.3117,-7.3117,-7.3117,16.9246,16.9246,16.9246
2026-05-04,"CNN",-19.4914,-19.4914,-19.4914,30.1433,30.1433,30.1433
2026-05-04,"Fox",-8.2101,-8.2101,-8.2101,20.515,20.515,20.515
2026-05-04,"MSNBC/MSNow",-31.6702,-31.6702,-31.6702,41.4307,41.4307,41.4307
2026-05-04,"NBC",-11.5296,-11.5296,-11.5296,20.0621,20.0621,20.0621
