"week","network","total_segments","n_positive","n_negative","n_neutral","pct_positive","pct_negative","pci","eligible","smooth_pci","smooth_pci_lo","smooth_pci_hi","smooth_neg","smooth_neg_lo","smooth_neg_hi"
2024-12-30,"ABC",65,2,14,49,3.08,21.54,-18.46,TRUE,-8.55,-14.48,-2.62,17.34,12.31,22.36
2025-01-06,"ABC",115,12,18,85,10.43,15.65,-5.22,TRUE,-9.16,-14.45,-3.87,17.79,13.31,22.28
2025-01-13,"ABC",145,17,23,105,11.72,15.86,-4.14,TRUE,-9.73,-14.45,-5.01,18.22,14.22,22.22
2025-01-20,"ABC",247,28,45,174,11.34,18.22,-6.88,TRUE,-10.26,-14.48,-6.05,18.61,15.04,22.19
2025-01-27,"ABC",160,3,15,142,1.88,9.38,-7.5,TRUE,-10.75,-14.54,-6.96,18.96,15.75,22.17
2025-02-03,"ABC",262,19,53,190,7.25,20.23,-12.98,TRUE,-11.19,-14.63,-7.76,19.27,16.35,22.18
2025-02-10,"ABC",267,27,53,187,10.11,19.85,-9.74,TRUE,-11.59,-14.75,-8.43,19.53,16.85,22.21
2025-02-17,"ABC",177,20,55,102,11.3,31.07,-19.77,TRUE,-11.94,-14.91,-8.98,19.75,17.23,22.26
2025-02-24,"ABC",146,14,14,118,9.59,9.59,0,TRUE,-12.25,-15.09,-9.42,19.93,17.53,22.33
2025-03-03,"ABC",144,11,32,101,7.64,22.22,-14.58,TRUE,-12.53,-15.3,-9.76,20.08,17.74,22.43
2025-03-10,"ABC",179,13,52,114,7.26,29.05,-21.79,TRUE,-12.77,-15.52,-10.02,20.2,17.87,22.53
2025-03-17,"ABC",157,10,30,117,6.37,19.11,-12.74,TRUE,-12.97,-15.74,-10.21,20.3,17.96,22.65
2025-03-24,"ABC",130,11,28,91,8.46,21.54,-13.08,TRUE,-13.14,-15.95,-10.34,20.36,17.99,22.74
2025-03-31,"ABC",172,11,46,115,6.4,26.74,-20.34,TRUE,-13.27,-16.12,-10.43,20.38,17.97,22.8
2025-04-07,"ABC",212,24,39,149,11.32,18.4,-7.08,TRUE,-13.37,-16.25,-10.48,20.37,17.92,22.82
2025-04-14,"ABC",183,10,35,138,5.46,19.13,-13.67,TRUE,-13.42,-16.35,-10.49,20.33,17.84,22.81
2025-04-21,"ABC",133,9,34,90,6.77,25.56,-18.79,TRUE,-13.44,-16.41,-10.47,20.26,17.74,22.78
2025-04-28,"ABC",141,10,30,101,7.09,21.28,-14.19,TRUE,-13.43,-16.44,-10.43,20.18,17.63,22.72
2025-05-05,"ABC",82,4,15,63,4.88,18.29,-13.41,TRUE,-13.35,-16.37,-10.33,20.01,17.45,22.57
2025-05-12,"ABC",140,8,18,114,5.71,12.86,-7.15,TRUE,-13.17,-16.21,-10.13,19.73,17.15,22.31
2025-05-19,"ABC",139,14,26,99,10.07,18.71,-8.64,TRUE,-12.93,-16.02,-9.84,19.39,16.77,22.01
2025-05-26,"ABC",169,3,38,128,1.78,22.49,-20.71,TRUE,-12.67,-15.83,-9.51,19.04,16.37,21.72
2025-06-02,"ABC",211,8,46,157,3.79,21.8,-18.01,TRUE,-12.43,-15.63,-9.24,18.77,16.06,21.47
2025-06-09,"ABC",188,6,36,146,3.19,19.15,-15.96,TRUE,-12.15,-15.31,-8.99,18.49,15.81,21.17
2025-06-16,"ABC",148,5,21,122,3.38,14.19,-10.81,TRUE,-11.77,-14.87,-8.67,18.15,15.52,20.77
2025-06-23,"ABC",168,13,26,129,7.74,15.48,-7.74,TRUE,-11.34,-14.41,-8.27,17.78,15.18,20.38
2025-06-30,"ABC",162,35,24,103,21.6,14.81,6.79,TRUE,-10.89,-13.99,-7.8,17.41,14.78,20.04
2025-07-07,"ABC",115,2,18,95,1.74,15.65,-13.91,TRUE,-10.48,-13.64,-7.32,17.09,14.41,19.76
2025-07-14,"ABC",209,9,42,158,4.31,20.1,-15.79,TRUE,-10.15,-13.34,-6.95,16.84,14.13,19.55
2025-07-21,"ABC",202,12,33,157,5.94,16.34,-10.4,TRUE,-9.81,-12.97,-6.65,16.63,13.95,19.31
2025-07-28,"ABC",155,9,35,111,5.81,22.58,-16.77,TRUE,-9.41,-12.52,-6.3,16.41,13.77,19.05
2025-08-04,"ABC",139,16,19,104,11.51,13.67,-2.16,TRUE,-9,-12.11,-5.88,16.2,13.56,18.84
2025-08-11,"ABC",230,11,20,199,4.78,8.7,-3.92,TRUE,-8.63,-11.79,-5.47,16.04,13.36,18.71
2025-08-18,"ABC",201,18,42,141,8.96,20.9,-11.94,TRUE,-8.38,-11.57,-5.18,15.93,13.23,18.64
2025-08-25,"ABC",159,11,37,111,6.92,23.27,-16.35,TRUE,-8.2,-11.36,-5.04,15.9,13.22,18.58
2025-09-01,"ABC",140,9,29,102,6.43,20.71,-14.28,TRUE,-8.03,-11.13,-4.94,15.91,13.29,18.54
2025-09-08,"ABC",150,12,17,121,8,11.33,-3.33,TRUE,-7.89,-10.96,-4.83,15.96,13.36,18.56
2025-09-15,"ABC",126,12,16,98,9.52,12.7,-3.18,TRUE,-7.78,-10.88,-4.69,16.03,13.4,18.65
2025-09-22,"ABC",167,13,24,130,7.78,14.37,-6.59,TRUE,-7.71,-10.87,-4.55,16.11,13.43,18.79
2025-09-29,"ABC",108,3,18,87,2.78,16.67,-13.89,TRUE,-7.68,-10.87,-4.48,16.19,13.48,18.9
2025-10-06,"ABC",205,27,27,151,13.17,13.17,0,TRUE,-7.71,-10.87,-4.55,16.32,13.64,19
2025-10-13,"ABC",162,14,8,140,8.64,4.94,3.7,TRUE,-7.81,-10.92,-4.7,16.54,13.9,19.18
2025-10-20,"ABC",197,15,21,161,7.61,10.66,-3.05,TRUE,-7.94,-11.05,-4.83,16.79,14.15,19.43
2025-10-27,"ABC",148,16,46,86,10.81,31.08,-20.27,TRUE,-8.09,-11.25,-4.93,17.02,14.35,19.7
2025-11-03,"ABC",139,20,31,88,14.39,22.3,-7.91,TRUE,-8.22,-11.41,-5.02,17.2,14.49,19.9
2025-11-10,"ABC",145,6,22,117,4.14,15.17,-11.03,TRUE,-8.44,-11.6,-5.28,17.4,14.72,20.08
2025-11-17,"ABC",150,15,35,100,10,23.33,-13.33,TRUE,-8.84,-11.93,-5.74,17.72,15.1,20.35
2025-11-24,"ABC",105,9,17,79,8.57,16.19,-7.62,TRUE,-9.31,-12.38,-6.24,18.09,15.49,20.69
2025-12-01,"ABC",108,4,12,92,3.7,11.11,-7.41,TRUE,-9.77,-12.87,-6.68,18.45,15.82,21.07
2025-12-08,"ABC",97,14,22,61,14.43,22.68,-8.25,TRUE,-10.15,-13.31,-6.99,18.72,16.04,21.4
2025-12-15,"ABC",150,14,24,112,9.33,16,-6.67,TRUE,-10.34,-13.53,-7.14,18.84,16.13,21.55
2025-12-22,"ABC",167,18,47,102,10.78,28.14,-17.36,TRUE,-10.38,-13.54,-7.22,18.79,16.11,21.47
2025-12-29,"ABC",106,10,19,77,9.43,17.92,-8.49,TRUE,-10.38,-13.48,-7.28,18.62,16,21.25
2026-01-05,"ABC",220,16,27,177,7.27,12.27,-5,TRUE,-10.35,-13.42,-7.28,18.39,15.79,20.99
2026-01-12,"ABC",282,18,40,224,6.38,14.18,-7.8,TRUE,-10.29,-13.39,-7.19,18.14,15.51,20.76
2026-01-19,"ABC",164,14,40,110,8.54,24.39,-15.85,TRUE,-10.22,-13.38,-7.06,17.91,15.23,20.59
2026-01-26,"ABC",237,8,50,179,3.38,21.1,-17.72,TRUE,-10.14,-13.34,-6.95,17.77,15.06,20.48
2026-02-02,"ABC",185,15,41,129,8.11,22.16,-14.05,TRUE,-9.99,-13.15,-6.83,17.6,14.93,20.28
2026-02-09,"ABC",121,9,17,95,7.44,14.05,-6.61,TRUE,-9.71,-12.81,-6.61,17.33,14.7,19.95
2026-02-16,"ABC",128,7,39,82,5.47,30.47,-25,TRUE,-9.37,-12.44,-6.3,17,14.4,19.6
2026-02-23,"ABC",186,9,19,158,4.84,10.22,-5.38,TRUE,-9.02,-12.12,-5.92,16.69,14.06,19.31
2026-03-02,"ABC",204,22,22,160,10.78,10.78,0,TRUE,-8.73,-11.88,-5.57,16.44,13.77,19.12
2026-03-09,"ABC",146,11,18,117,7.53,12.33,-4.8,TRUE,-8.54,-11.73,-5.34,16.34,13.63,19.05
2026-03-16,"ABC",144,9,24,111,6.25,16.67,-10.42,TRUE,-8.42,-11.58,-5.26,16.38,13.7,19.06
2026-03-23,"ABC",156,16,17,123,10.26,10.9,-0.64,TRUE,-8.28,-11.39,-5.17,16.52,13.88,19.15
2026-03-30,"ABC",206,17,29,160,8.25,14.08,-5.83,TRUE,-8.14,-11.25,-5.03,16.69,14.05,19.32
2026-04-06,"ABC",180,13,26,141,7.22,14.44,-7.22,TRUE,-8.01,-11.17,-4.85,16.84,14.16,19.52
2026-04-13,"ABC",156,24,24,108,15.38,15.38,0,TRUE,-7.89,-11.09,-4.7,16.92,14.21,19.63
2026-04-20,"ABC",229,6,41,182,2.62,17.9,-15.28,TRUE,-7.8,-10.97,-4.64,16.96,14.28,19.64
2026-04-27,"ABC",253,17,38,198,6.72,15.02,-8.3,TRUE,-7.74,-10.84,-4.63,17.03,14.39,19.66
2026-05-04,"ABC",150,21,23,106,14,15.33,-1.33,TRUE,-7.68,-10.73,-4.63,17.1,14.52,19.69
2026-05-11,"ABC",283,31,57,195,10.95,20.14,-9.19,TRUE,-7.63,-10.65,-4.61,17.17,14.61,19.73
2026-05-18,"ABC",292,31,69,192,10.62,23.63,-13.01,TRUE,-7.57,-10.57,-4.57,17.22,14.67,19.76
2026-05-25,"ABC",269,30,73,166,11.15,27.14,-15.99,TRUE,-7.49,-10.46,-4.51,17.22,14.7,19.75
2026-06-01,"ABC",148,15,30,103,10.14,20.27,-10.13,TRUE,-7.4,-10.34,-4.47,17.22,14.73,19.7
2026-06-08,"ABC",232,23,34,175,9.91,14.66,-4.75,TRUE,-7.33,-10.22,-4.44,17.21,14.77,19.66
2026-06-15,"ABC",148,11,31,106,7.43,20.95,-13.52,TRUE,-7.26,-10.1,-4.41,17.21,14.8,19.63
2026-06-22,"ABC",147,23,20,104,15.65,13.61,2.04,TRUE,-7.2,-10,-4.39,17.21,14.83,19.59
2026-06-29,"ABC",96,15,26,55,15.62,27.08,-11.46,TRUE,-7.14,-9.91,-4.38,17.19,14.85,19.54
2026-07-06,"ABC",148,7,24,117,4.73,16.22,-11.49,TRUE,-7.1,-9.84,-4.35,17.17,14.84,19.5
2026-07-13,"ABC",208,22,38,148,10.58,18.27,-7.69,TRUE,-7.06,-9.83,-4.29,17.15,14.81,19.5
2026-07-20,"ABC",163,7,16,140,4.29,9.82,-5.53,TRUE,-7.03,-9.87,-4.2,17.13,14.73,19.54
2026-07-27,"ABC",219,23,34,162,10.5,15.53,-5.03,TRUE,-7.01,-9.98,-4.05,17.1,14.59,19.62
2026-08-03,"ABC",175,19,29,127,10.86,16.57,-5.71,TRUE,-6.99,-10.16,-3.83,17.07,14.39,19.75
2026-08-10,"ABC",92,3,12,77,3.26,13.04,-9.78,TRUE,-6.97,-10.41,-3.53,17.02,14.1,19.93
2026-08-17,"ABC",96,11,14,71,11.46,14.58,-3.12,TRUE,-6.95,-10.73,-3.16,16.95,13.74,20.16
2026-08-24,"ABC",142,16,22,104,11.27,15.49,-4.22,TRUE,-6.92,-11.13,-2.7,16.86,13.29,20.43
2026-08-31,"ABC",83,16,8,59,19.28,9.64,9.64,TRUE,-6.89,-11.61,-2.17,16.76,12.76,20.76
2026-09-07,"ABC",106,4,22,80,3.77,20.75,-16.98,TRUE,-6.87,-12.16,-1.57,16.66,12.17,21.14
2026-09-14,"ABC",177,18,42,117,10.17,23.73,-13.56,TRUE,-6.85,-12.78,-0.92,16.55,11.52,21.57
2024-12-30,"CBS",88,3,13,72,3.41,14.77,-11.36,TRUE,-8.34,-14.1,-2.57,18.16,13.47,22.85
2025-01-06,"CBS",161,17,30,114,10.56,18.63,-8.07,TRUE,-9.28,-14.42,-4.13,18.93,14.75,23.12
2025-01-13,"CBS",229,25,37,167,10.92,16.16,-5.24,TRUE,-10.16,-14.75,-5.57,19.66,15.93,23.4
2025-01-20,"CBS",397,70,69,258,17.63,17.38,0.25,TRUE,-10.98,-15.08,-6.88,20.33,17,23.67
2025-01-27,"CBS",155,11,34,110,7.1,21.94,-14.84,TRUE,-11.71,-15.39,-8.03,20.94,17.94,23.93
2025-02-03,"CBS",272,30,72,170,11.03,26.47,-15.44,TRUE,-12.35,-15.7,-9.01,21.46,18.74,24.18
2025-02-10,"CBS",305,29,58,218,9.51,19.02,-9.51,TRUE,-12.9,-15.98,-9.83,21.91,19.4,24.41
2025-02-17,"CBS",271,24,70,177,8.86,25.83,-16.97,TRUE,-13.37,-16.26,-10.49,22.29,19.94,24.63
2025-02-24,"CBS",318,27,79,212,8.49,24.84,-16.35,TRUE,-13.78,-16.53,-11.02,22.61,20.36,24.85
2025-03-03,"CBS",331,37,88,206,11.18,26.59,-15.41,TRUE,-14.11,-16.8,-11.42,22.87,20.68,25.06
2025-03-10,"CBS",298,18,74,206,6.04,24.83,-18.79,TRUE,-14.4,-17.07,-11.72,23.09,20.92,25.27
2025-03-17,"CBS",187,9,42,136,4.81,22.46,-17.65,TRUE,-14.63,-17.32,-11.94,23.28,21.09,25.46
2025-03-24,"CBS",236,8,46,182,3.39,19.49,-16.1,TRUE,-14.8,-17.52,-12.07,23.39,21.17,25.61
2025-03-31,"CBS",297,33,85,179,11.11,28.62,-17.51,TRUE,-14.87,-17.63,-12.1,23.42,21.17,25.67
2025-04-07,"CBS",278,27,80,171,9.71,28.78,-19.07,TRUE,-14.86,-17.67,-12.06,23.38,21.1,25.67
2025-04-14,"CBS",317,18,98,201,5.68,30.91,-25.23,TRUE,-14.81,-17.66,-11.96,23.3,20.98,25.62
2025-04-21,"CBS",228,17,59,152,7.46,25.88,-18.42,TRUE,-14.72,-17.6,-11.83,23.2,20.85,25.54
2025-04-28,"CBS",347,43,89,215,12.39,25.65,-13.26,TRUE,-14.61,-17.53,-11.69,23.09,20.71,25.46
2025-05-05,"CBS",232,23,43,166,9.91,18.53,-8.62,TRUE,-14.34,-17.28,-11.4,22.85,20.46,25.24
2025-05-12,"CBS",237,13,63,161,5.49,26.58,-21.09,TRUE,-13.83,-16.79,-10.87,22.42,20.02,24.83
2025-05-19,"CBS",215,20,41,154,9.3,19.07,-9.77,TRUE,-13.21,-16.21,-10.2,21.9,19.46,24.34
2025-05-26,"CBS",202,26,32,144,12.87,15.84,-2.97,TRUE,-12.6,-15.67,-9.53,21.4,18.9,23.9
2025-06-02,"CBS",240,20,53,167,8.33,22.08,-13.75,TRUE,-12.14,-15.25,-9.03,21.02,18.49,23.55
2025-06-09,"CBS",220,10,42,168,4.55,19.09,-14.54,TRUE,-11.75,-14.82,-8.67,20.71,18.21,23.21
2025-06-16,"CBS",222,15,37,170,6.76,16.67,-9.91,TRUE,-11.29,-14.3,-8.28,20.35,17.9,22.8
2025-06-23,"CBS",239,34,29,176,14.23,12.13,2.1,TRUE,-10.8,-13.78,-7.82,19.98,17.56,22.41
2025-06-30,"CBS",176,14,38,124,7.95,21.59,-13.64,TRUE,-10.32,-13.33,-7.31,19.62,17.17,22.07
2025-07-07,"CBS",210,18,43,149,8.57,20.48,-11.91,TRUE,-9.89,-12.96,-6.82,19.28,16.79,21.78
2025-07-14,"CBS",280,27,47,206,9.64,16.79,-7.15,TRUE,-9.54,-12.65,-6.44,19.01,16.48,21.53
2025-07-21,"CBS",238,20,54,164,8.4,22.69,-14.29,TRUE,-9.31,-12.39,-6.24,18.82,16.32,21.32
2025-07-28,"CBS",167,25,24,118,14.97,14.37,0.6,TRUE,-9.18,-12.21,-6.15,18.72,16.26,21.18
2025-08-04,"CBS",202,16,53,133,7.92,26.24,-18.32,TRUE,-9.09,-12.12,-6.07,18.65,16.19,21.11
2025-08-11,"CBS",318,26,66,226,8.18,20.75,-12.57,TRUE,-9.01,-12.08,-5.93,18.58,16.09,21.08
2025-08-18,"CBS",158,18,22,118,11.39,13.92,-2.53,TRUE,-8.87,-11.98,-5.77,18.46,15.94,20.99
2025-08-25,"CBS",192,13,42,137,6.77,21.88,-15.11,TRUE,-8.69,-11.77,-5.62,18.29,15.79,20.79
2025-09-01,"CBS",187,19,49,119,10.16,26.2,-16.04,TRUE,-8.51,-11.52,-5.5,18.1,15.65,20.55
2025-09-08,"CBS",201,25,23,153,12.44,11.44,1,TRUE,-8.33,-11.31,-5.35,17.91,15.49,20.34
2025-09-15,"CBS",194,18,44,132,9.28,22.68,-13.4,TRUE,-8.17,-11.18,-5.15,17.73,15.28,20.18
2025-09-22,"CBS",255,13,42,200,5.1,16.47,-11.37,TRUE,-8.03,-11.1,-4.95,17.57,15.07,20.07
2025-09-29,"CBS",219,19,27,173,8.68,12.33,-3.65,TRUE,-7.92,-11.03,-4.82,17.45,14.92,19.97
2025-10-06,"CBS",313,36,54,223,11.5,17.25,-5.75,TRUE,-7.79,-10.86,-4.72,17.29,14.79,19.79
2025-10-13,"CBS",288,31,44,213,10.76,15.28,-4.52,TRUE,-7.6,-10.62,-4.57,17.05,14.59,19.51
2025-10-20,"CBS",264,25,45,194,9.47,17.05,-7.58,TRUE,-7.41,-10.43,-4.38,16.8,14.34,19.26
2025-10-27,"CBS",187,14,36,137,7.49,19.25,-11.76,TRUE,-7.27,-10.34,-4.2,16.61,14.11,19.1
2025-11-03,"CBS",189,31,41,117,16.4,21.69,-5.29,TRUE,-7.25,-10.36,-4.14,16.53,14,19.06
2025-11-10,"CBS",138,6,15,117,4.35,10.87,-6.52,TRUE,-7.42,-10.49,-4.34,16.62,14.12,19.12
2025-11-17,"CBS",185,15,26,144,8.11,14.05,-5.94,TRUE,-7.75,-10.76,-4.74,16.84,14.39,19.29
2025-11-24,"CBS",132,10,27,95,7.58,20.45,-12.87,TRUE,-8.16,-11.15,-5.18,17.13,14.7,19.55
2025-12-01,"CBS",147,16,22,109,10.88,14.97,-4.09,TRUE,-8.58,-11.6,-5.57,17.42,14.97,19.87
2025-12-08,"CBS",152,15,17,120,9.87,11.18,-1.31,TRUE,-8.92,-12,-5.85,17.67,15.17,20.17
2025-12-15,"CBS",99,5,23,71,5.05,23.23,-18.18,TRUE,-9.1,-12.21,-6,17.81,15.28,20.34
2025-12-22,"CBS",122,10,16,96,8.2,13.11,-4.91,TRUE,-9.19,-12.27,-6.12,17.89,15.39,20.39
2025-12-29,"CBS",110,14,16,80,12.73,14.55,-1.82,TRUE,-9.31,-12.32,-6.3,18,15.55,20.45
2026-01-05,"CBS",151,19,25,107,12.58,16.56,-3.98,TRUE,-9.43,-12.41,-6.44,18.12,15.69,20.54
2026-01-12,"CBS",256,22,43,191,8.59,16.8,-8.21,TRUE,-9.54,-12.55,-6.52,18.23,15.78,20.68
2026-01-19,"CBS",237,28,57,152,11.81,24.05,-12.24,TRUE,-9.62,-12.69,-6.54,18.33,15.84,20.83
2026-01-26,"CBS",148,4,35,109,2.7,23.65,-20.95,TRUE,-9.65,-12.75,-6.54,18.41,15.89,20.94
2026-02-02,"CBS",154,7,46,101,4.55,29.87,-25.32,TRUE,-9.61,-12.69,-6.54,18.45,15.95,20.95
2026-02-09,"CBS",109,5,28,76,4.59,25.69,-21.1,TRUE,-9.52,-12.53,-6.51,18.46,16.01,20.91
2026-02-16,"CBS",85,7,14,64,8.24,16.47,-8.23,TRUE,-9.4,-12.38,-6.41,18.46,16.03,20.89
2026-02-23,"CBS",191,18,29,144,9.42,15.18,-5.76,TRUE,-9.26,-12.27,-6.25,18.46,16.01,20.91
2026-03-02,"CBS",170,19,31,120,11.18,18.24,-7.06,TRUE,-9.13,-12.2,-6.06,18.47,15.97,20.97
2026-03-09,"CBS",109,11,18,80,10.09,16.51,-6.42,TRUE,-9.03,-12.14,-5.93,18.51,15.99,21.04
2026-03-16,"CBS",122,18,14,90,14.75,11.48,3.27,TRUE,-8.88,-11.95,-5.81,18.57,16.07,21.07
2026-03-23,"CBS",128,18,18,92,14.06,14.06,0,TRUE,-8.61,-11.63,-5.58,18.61,16.15,21.07
2026-03-30,"CBS",177,17,33,127,9.6,18.64,-9.04,TRUE,-8.29,-11.32,-5.27,18.64,16.18,21.1
2026-04-06,"CBS",156,14,21,121,8.97,13.46,-4.49,TRUE,-8.01,-11.08,-4.94,18.66,16.16,21.15
2026-04-13,"CBS",162,13,20,129,8.02,12.35,-4.33,TRUE,-7.84,-10.95,-4.73,18.66,16.14,21.19
2026-04-20,"CBS",153,15,50,88,9.8,32.68,-22.88,TRUE,-7.76,-10.84,-4.68,18.66,16.16,21.16
2026-04-27,"CBS",145,9,10,126,6.21,6.9,-0.69,TRUE,-7.7,-10.72,-4.69,18.64,16.18,21.09
2026-05-04,"CBS",132,19,31,82,14.39,23.48,-9.09,TRUE,-7.67,-10.63,-4.7,18.61,16.2,21.02
2026-05-11,"CBS",155,17,25,113,10.97,16.13,-5.16,TRUE,-7.65,-10.58,-4.71,18.58,16.19,20.96
2026-05-18,"CBS",127,15,33,79,11.81,25.98,-14.17,TRUE,-7.64,-10.56,-4.72,18.55,16.18,20.92
2026-05-25,"CBS",136,18,24,94,13.24,17.65,-4.41,TRUE,-7.64,-10.54,-4.75,18.54,16.18,20.89
2026-06-01,"CBS",132,14,39,79,10.61,29.55,-18.94,TRUE,-7.66,-10.51,-4.81,18.53,16.21,20.85
2026-06-08,"CBS",82,9,15,58,10.98,18.29,-7.31,TRUE,-7.7,-10.51,-4.89,18.53,16.25,20.82
2026-06-15,"CBS",121,14,22,85,11.57,18.18,-6.61,TRUE,-7.76,-10.53,-4.99,18.54,16.29,20.79
2026-06-22,"CBS",98,19,18,61,19.39,18.37,1.02,TRUE,-7.83,-10.56,-5.11,18.55,16.33,20.76
2026-06-29,"CBS",111,20,30,61,18.02,27.03,-9.01,TRUE,-7.91,-10.61,-5.22,18.56,16.37,20.75
2026-07-06,"CBS",114,5,14,95,4.39,12.28,-7.89,TRUE,-8.01,-10.68,-5.34,18.58,16.41,20.75
2026-07-13,"CBS",87,4,13,70,4.6,14.94,-10.34,TRUE,-8.12,-10.81,-5.43,18.61,16.42,20.8
2026-07-20,"CBS",114,5,22,87,4.39,19.3,-14.91,TRUE,-8.24,-11,-5.49,18.64,16.4,20.88
2026-07-27,"CBS",133,11,25,97,8.27,18.8,-10.53,TRUE,-8.38,-11.27,-5.5,18.68,16.33,21.02
2026-08-03,"CBS",135,15,19,101,11.11,14.07,-2.96,TRUE,-8.54,-11.61,-5.46,18.71,16.21,21.21
2026-08-10,"CBS",88,7,16,65,7.95,18.18,-10.23,TRUE,-8.7,-12.04,-5.35,18.75,16.03,21.46
2026-08-17,"CBS",72,6,7,59,8.33,9.72,-1.39,TRUE,-8.87,-12.55,-5.18,18.77,15.78,21.77
2026-08-24,"CBS",86,10,17,59,11.63,19.77,-8.14,TRUE,-9.04,-13.14,-4.94,18.8,15.47,22.14
2026-08-31,"CBS",90,3,20,67,3.33,22.22,-18.89,TRUE,-9.23,-13.81,-4.64,18.83,15.1,22.56
2026-09-07,"CBS",116,14,21,81,12.07,18.1,-6.03,TRUE,-9.42,-14.57,-4.28,18.86,14.67,23.04
2026-09-14,"CBS",145,23,35,87,15.86,24.14,-8.28,TRUE,-9.64,-15.4,-3.87,18.89,14.2,23.58
2024-12-30,"CNN",553,81,133,339,14.65,24.05,-9.4,TRUE,-12.49,-15.59,-9.4,23.48,20.87,26.09
2025-01-06,"CNN",1371,130,328,913,9.48,23.92,-14.44,TRUE,-13.08,-15.84,-10.32,24.04,21.71,26.37
2025-01-13,"CNN",1512,177,289,1046,11.71,19.11,-7.4,TRUE,-13.63,-16.1,-11.17,24.56,22.48,26.64
2025-01-20,"CNN",2054,200,463,1391,9.74,22.54,-12.8,TRUE,-14.15,-16.35,-11.95,25.05,23.19,26.91
2025-01-27,"CNN",1365,136,324,905,9.96,23.74,-13.78,TRUE,-14.62,-16.6,-12.65,25.49,23.82,27.16
2025-02-03,"CNN",1797,183,486,1128,10.18,27.05,-16.87,TRUE,-15.03,-16.83,-13.24,25.87,24.36,27.39
2025-02-10,"CNN",1921,204,473,1244,10.62,24.62,-14,TRUE,-15.39,-17.04,-13.73,26.2,24.81,27.6
2025-02-17,"CNN",1592,180,499,913,11.31,31.34,-20.03,TRUE,-15.69,-17.24,-14.15,26.49,25.18,27.79
2025-02-24,"CNN",1966,197,508,1261,10.02,25.84,-15.82,TRUE,-15.96,-17.44,-14.48,26.73,25.48,27.98
2025-03-03,"CNN",1593,151,520,922,9.48,32.64,-23.16,TRUE,-16.19,-17.64,-14.75,26.94,25.72,28.16
2025-03-10,"CNN",1523,160,500,863,10.51,32.83,-22.32,TRUE,-16.4,-17.83,-14.97,27.12,25.91,28.33
2025-03-17,"CNN",1230,109,336,785,8.86,27.32,-18.46,TRUE,-16.58,-18.03,-15.14,27.27,26.06,28.49
2025-03-24,"CNN",1066,88,284,694,8.26,26.64,-18.38,TRUE,-16.72,-18.18,-15.26,27.39,26.15,28.62
2025-03-31,"CNN",1433,174,447,812,12.14,31.19,-19.05,TRUE,-16.8,-18.28,-15.31,27.44,26.19,28.7
2025-04-07,"CNN",1600,237,434,929,14.81,27.12,-12.31,TRUE,-16.83,-18.34,-15.32,27.46,26.19,28.73
2025-04-14,"CNN",1196,105,365,726,8.78,30.52,-21.74,TRUE,-16.84,-18.36,-15.31,27.44,26.15,28.73
2025-04-21,"CNN",1090,85,332,673,7.8,30.46,-22.66,TRUE,-16.83,-18.38,-15.28,27.42,26.11,28.72
2025-04-28,"CNN",1432,182,464,786,12.71,32.4,-19.69,TRUE,-16.84,-18.4,-15.27,27.39,26.07,28.71
2025-05-05,"CNN",940,110,222,608,11.7,23.62,-11.92,TRUE,-16.73,-18.3,-15.15,27.25,25.92,28.58
2025-05-12,"CNN",1189,149,305,735,12.53,25.65,-13.12,TRUE,-16.44,-18.02,-14.85,26.96,25.62,28.3
2025-05-19,"CNN",836,104,210,522,12.44,25.12,-12.68,TRUE,-16.08,-17.69,-14.46,26.6,25.23,27.96
2025-05-26,"CNN",1200,96,352,752,8,29.33,-21.33,TRUE,-15.75,-17.4,-14.1,26.25,24.86,27.64
2025-06-02,"CNN",1367,119,310,938,8.71,22.68,-13.97,TRUE,-15.56,-17.23,-13.89,26.03,24.62,27.43
2025-06-09,"CNN",1119,99,253,767,8.85,22.61,-13.76,TRUE,-15.49,-17.14,-13.84,25.88,24.48,27.27
2025-06-16,"CNN",1321,126,279,916,9.54,21.12,-11.58,TRUE,-15.44,-17.06,-13.83,25.71,24.35,27.08
2025-06-23,"CNN",1079,157,251,671,14.55,23.26,-8.71,TRUE,-15.41,-17.01,-13.81,25.55,24.2,26.91
2025-06-30,"CNN",1150,169,289,692,14.7,25.13,-10.43,TRUE,-15.4,-17.01,-13.78,25.41,24.04,26.77
2025-07-07,"CNN",1026,77,265,684,7.5,25.83,-18.33,TRUE,-15.4,-17.05,-13.75,25.28,23.89,26.67
2025-07-14,"CNN",2436,209,647,1580,8.58,26.56,-17.98,TRUE,-15.41,-17.07,-13.74,25.19,23.79,26.6
2025-07-21,"CNN",1805,127,430,1248,7.04,23.82,-16.78,TRUE,-15.45,-17.1,-13.8,25.15,23.76,26.54
2025-07-28,"CNN",873,75,239,559,8.59,27.38,-18.79,TRUE,-15.56,-17.18,-13.93,25.14,23.77,26.51
2025-08-04,"CNN",1112,91,313,708,8.18,28.15,-19.97,TRUE,-15.69,-17.31,-14.07,25.16,23.79,26.53
2025-08-11,"CNN",1715,157,406,1152,9.15,23.67,-14.52,TRUE,-15.84,-17.48,-14.19,25.2,23.81,26.59
2025-08-18,"CNN",975,93,273,609,9.54,28,-18.46,TRUE,-15.97,-17.63,-14.3,25.25,23.84,26.65
2025-08-25,"CNN",1016,113,282,621,11.12,27.76,-16.64,TRUE,-16.09,-17.73,-14.44,25.32,23.93,26.71
2025-09-01,"CNN",1197,140,375,682,11.7,31.33,-19.63,TRUE,-16.22,-17.84,-14.6,25.43,24.06,26.79
2025-09-08,"CNN",985,85,228,672,8.63,23.15,-14.52,TRUE,-16.36,-17.97,-14.76,25.56,24.21,26.91
2025-09-15,"CNN",1253,99,288,866,7.9,22.98,-15.08,TRUE,-16.52,-18.14,-14.91,25.71,24.34,27.07
2025-09-22,"CNN",1403,102,323,978,7.27,23.02,-15.75,TRUE,-16.69,-18.34,-15.04,25.86,24.47,27.25
2025-09-29,"CNN",879,73,240,566,8.3,27.3,-19,TRUE,-16.87,-18.54,-15.21,26.01,24.61,27.42
2025-10-06,"CNN",1191,116,314,761,9.74,26.36,-16.62,TRUE,-17.07,-18.72,-15.42,26.19,24.79,27.58
2025-10-13,"CNN",1401,162,279,960,11.56,19.91,-8.35,TRUE,-17.28,-18.9,-15.66,26.39,25.02,27.76
2025-10-20,"CNN",1153,98,333,722,8.5,28.88,-20.38,TRUE,-17.49,-19.12,-15.87,26.6,25.23,27.97
2025-10-27,"CNN",962,83,207,672,8.63,21.52,-12.89,TRUE,-17.71,-19.35,-16.06,26.8,25.41,28.2
2025-11-03,"CNN",1102,121,326,655,10.98,29.58,-18.6,TRUE,-17.91,-19.58,-16.24,26.98,25.58,28.39
2025-11-10,"CNN",1405,93,372,940,6.62,26.48,-19.86,TRUE,-18.17,-19.82,-16.53,27.19,25.8,28.58
2025-11-17,"CNN",1401,131,381,889,9.35,27.19,-17.84,TRUE,-18.54,-20.15,-16.92,27.46,26.1,28.82
2025-11-24,"CNN",932,65,248,619,6.97,26.61,-19.64,TRUE,-18.94,-20.55,-17.34,27.76,26.41,29.12
2025-12-01,"CNN",886,107,257,522,12.08,29.01,-16.93,TRUE,-19.34,-20.96,-17.73,28.06,26.7,29.43
2025-12-08,"CNN",1063,101,356,606,9.5,33.49,-23.99,TRUE,-19.68,-21.33,-18.03,28.32,26.93,29.71
2025-12-15,"CNN",798,72,232,494,9.02,29.07,-20.05,TRUE,-19.91,-21.57,-18.24,28.49,27.09,29.9
2025-12-22,"CNN",1145,96,338,711,8.38,29.52,-21.14,TRUE,-20.04,-21.69,-18.4,28.59,27.2,29.99
2025-12-29,"CNN",895,76,252,567,8.49,28.16,-19.67,TRUE,-20.16,-21.78,-18.55,28.66,27.3,30.03
2026-01-05,"CNN",1021,80,313,628,7.84,30.66,-22.82,TRUE,-20.26,-21.86,-18.65,28.71,27.36,30.06
2026-01-12,"CNN",1097,74,331,692,6.75,30.17,-23.42,TRUE,-20.33,-21.95,-18.71,28.75,27.38,30.11
2026-01-19,"CNN",1164,109,339,716,9.36,29.12,-19.76,TRUE,-20.39,-22.03,-18.74,28.78,27.39,30.17
2026-01-26,"CNN",999,74,278,647,7.41,27.83,-20.42,TRUE,-20.42,-22.09,-18.76,28.83,27.42,30.24
2026-02-02,"CNN",1070,100,311,659,9.35,29.07,-19.72,TRUE,-20.38,-22.03,-18.73,28.83,27.44,30.22
2026-02-09,"CNN",710,56,202,452,7.89,28.45,-20.56,TRUE,-20.23,-21.85,-18.62,28.76,27.4,30.13
2026-02-16,"CNN",908,65,295,548,7.16,32.49,-25.33,TRUE,-20.02,-21.62,-18.42,28.65,27.3,30
2026-02-23,"CNN",1007,71,281,655,7.05,27.9,-20.85,TRUE,-19.8,-21.42,-18.19,28.53,27.17,29.9
2026-03-02,"CNN",779,81,183,515,10.4,23.49,-13.09,TRUE,-19.62,-21.27,-17.97,28.45,27.06,29.84
2026-03-09,"CNN",685,58,186,441,8.47,27.15,-18.68,TRUE,-19.52,-21.18,-17.85,28.43,27.02,29.84
2026-03-16,"CNN",863,64,194,605,7.42,22.48,-15.06,TRUE,-19.43,-21.08,-17.78,28.44,27.05,29.84
2026-03-23,"CNN",850,97,233,520,11.41,27.41,-16,TRUE,-19.27,-20.9,-17.65,28.45,27.08,29.82
2026-03-30,"CNN",1264,118,396,750,9.34,31.33,-21.99,TRUE,-19.11,-20.73,-17.48,28.45,27.08,29.82
2026-04-06,"CNN",1115,113,349,653,10.13,31.3,-21.17,TRUE,-18.98,-20.62,-17.33,28.48,27.09,29.87
2026-04-13,"CNN",1316,147,392,777,11.17,29.79,-18.62,TRUE,-18.93,-20.6,-17.27,28.54,27.13,29.94
2026-04-20,"CNN",1212,103,338,771,8.5,27.89,-19.39,TRUE,-18.96,-20.61,-17.31,28.62,27.23,30.02
2026-04-27,"CNN",1239,84,331,824,6.78,26.72,-19.94,TRUE,-19.01,-20.63,-17.39,28.72,27.35,30.09
2026-05-04,"CNN",823,107,246,470,13,29.89,-16.89,TRUE,-19.09,-20.68,-17.5,28.83,27.49,30.17
2026-05-11,"CNN",1535,154,439,942,10.03,28.6,-18.57,TRUE,-19.19,-20.76,-17.61,28.96,27.63,30.29
2026-05-18,"CNN",1160,130,389,641,11.21,33.53,-22.32,TRUE,-19.32,-20.88,-17.75,29.1,27.78,30.43
2026-05-25,"CNN",1036,124,317,595,11.97,30.6,-18.63,TRUE,-19.47,-21.02,-17.92,29.27,27.96,30.58
2026-06-01,"CNN",1230,103,374,753,8.37,30.41,-22.04,TRUE,-19.65,-21.18,-18.12,29.46,28.17,30.75
2026-06-08,"CNN",1245,98,400,747,7.87,32.13,-24.26,TRUE,-19.86,-21.37,-18.35,29.67,28.39,30.94
2026-06-15,"CNN",906,76,246,584,8.39,27.15,-18.76,TRUE,-20.1,-21.58,-18.61,29.89,28.64,31.14
2026-06-22,"CNN",859,96,242,521,11.18,28.17,-16.99,TRUE,-20.35,-21.82,-18.89,30.13,28.89,31.36
2026-06-29,"CNN",994,131,277,586,13.18,27.87,-14.69,TRUE,-20.64,-22.08,-19.19,30.38,29.16,31.6
2026-07-06,"CNN",1013,80,278,655,7.9,27.44,-19.54,TRUE,-20.94,-22.38,-19.51,30.65,29.44,31.86
2026-07-13,"CNN",1048,75,347,626,7.16,33.11,-25.95,TRUE,-21.28,-22.72,-19.83,30.94,29.72,32.15
2026-07-20,"CNN",1025,93,336,596,9.07,32.78,-23.71,TRUE,-21.63,-23.11,-20.15,31.24,29.99,32.49
2026-07-27,"CNN",1084,109,346,629,10.06,31.92,-21.86,TRUE,-22.01,-23.56,-20.47,31.55,30.25,32.86
2026-08-03,"CNN",998,106,317,575,10.62,31.76,-21.14,TRUE,-22.42,-24.07,-20.77,31.89,30.5,33.28
2026-08-10,"CNN",593,36,189,368,6.07,31.87,-25.8,TRUE,-22.85,-24.65,-21.06,32.24,30.72,33.75
2026-08-17,"CNN",1305,119,386,800,9.12,29.58,-20.46,TRUE,-23.31,-25.28,-21.33,32.6,30.94,34.27
2026-08-24,"CNN",910,113,314,483,12.42,34.51,-22.09,TRUE,-23.79,-25.99,-21.59,32.99,31.13,34.84
2026-08-31,"CNN",728,50,242,436,6.87,33.24,-26.37,TRUE,-24.29,-26.76,-21.83,33.39,31.31,35.46
2026-09-07,"CNN",841,86,289,466,10.23,34.36,-24.13,TRUE,-24.82,-27.59,-22.06,33.8,31.47,36.13
2026-09-14,"CNN",1244,115,437,692,9.24,35.13,-25.89,TRUE,-25.38,-28.47,-22.29,34.23,31.62,36.84
2024-12-30,"Fox",497,103,79,315,20.72,15.9,4.82,TRUE,3.79,-1.06,8.64,15.28,12.29,18.27
2025-01-06,"Fox",586,93,113,380,15.87,19.28,-3.41,TRUE,3.32,-1.01,7.65,15.86,13.19,18.53
2025-01-13,"Fox",1025,201,132,692,19.61,12.88,6.73,TRUE,2.86,-1,6.72,16.41,14.03,18.79
2025-01-20,"Fox",1259,259,170,830,20.57,13.5,7.07,TRUE,2.43,-1.02,5.88,16.93,14.8,19.05
2025-01-27,"Fox",861,174,127,560,20.21,14.75,5.46,TRUE,2.03,-1.07,5.13,17.41,15.5,19.32
2025-02-03,"Fox",1049,161,194,694,15.35,18.49,-3.14,TRUE,1.66,-1.15,4.47,17.85,16.12,19.59
2025-02-10,"Fox",972,230,173,569,23.66,17.8,5.86,TRUE,1.33,-1.26,3.92,18.26,16.66,19.86
2025-02-17,"Fox",1213,237,231,745,19.54,19.04,0.5,TRUE,1.03,-1.4,3.45,18.63,17.14,20.13
2025-02-24,"Fox",1027,217,177,633,21.13,17.23,3.9,TRUE,0.75,-1.57,3.07,18.97,17.54,20.4
2025-03-03,"Fox",1138,238,243,657,20.91,21.35,-0.44,TRUE,0.5,-1.77,2.76,19.28,17.89,20.68
2025-03-10,"Fox",947,182,244,521,19.22,25.77,-6.55,TRUE,0.26,-1.99,2.51,19.57,18.18,20.96
2025-03-17,"Fox",971,190,216,565,19.57,22.25,-2.68,TRUE,0.04,-2.23,2.3,19.83,18.44,21.23
2025-03-24,"Fox",844,145,166,533,17.18,19.67,-2.49,TRUE,-0.16,-2.46,2.13,20.07,18.66,21.48
2025-03-31,"Fox",845,160,166,519,18.93,19.64,-0.71,TRUE,-0.33,-2.66,2,20.27,18.84,21.71
2025-04-07,"Fox",854,212,176,466,24.82,20.61,4.21,TRUE,-0.47,-2.83,1.89,20.44,18.99,21.9
2025-04-14,"Fox",708,114,172,422,16.1,24.29,-8.19,TRUE,-0.6,-2.99,1.8,20.59,19.11,22.07
2025-04-21,"Fox",737,119,179,439,16.15,24.29,-8.14,TRUE,-0.71,-3.14,1.72,20.72,19.22,22.21
2025-04-28,"Fox",1170,259,287,624,22.14,24.53,-2.39,TRUE,-0.82,-3.27,1.64,20.82,19.31,22.34
2025-05-05,"Fox",617,124,116,377,20.1,18.8,1.3,TRUE,-0.86,-3.34,1.61,20.87,19.34,22.39
2025-05-12,"Fox",892,215,133,544,24.1,14.91,9.19,TRUE,-0.82,-3.31,1.67,20.83,19.29,22.36
2025-05-19,"Fox",515,110,103,302,21.36,20,1.36,TRUE,-0.74,-3.26,1.79,20.74,19.18,22.3
2025-05-26,"Fox",968,171,204,593,17.67,21.07,-3.4,TRUE,-0.65,-3.24,1.93,20.65,19.05,22.24
2025-06-02,"Fox",855,126,171,558,14.74,20,-5.26,TRUE,-0.63,-3.24,1.99,20.58,18.97,22.2
2025-06-09,"Fox",554,76,102,376,13.72,18.41,-4.69,TRUE,-0.64,-3.22,1.95,20.52,18.93,22.12
2025-06-16,"Fox",721,154,125,442,21.36,17.34,4.02,TRUE,-0.65,-3.18,1.89,20.42,18.85,21.98
2025-06-23,"Fox",908,233,179,496,25.66,19.71,5.95,TRUE,-0.65,-3.16,1.86,20.28,18.74,21.83
2025-06-30,"Fox",752,204,120,428,27.13,15.96,11.17,TRUE,-0.65,-3.18,1.89,20.15,18.58,21.71
2025-07-07,"Fox",754,106,159,489,14.06,21.09,-7.03,TRUE,-0.64,-3.23,1.94,20.02,18.43,21.62
2025-07-14,"Fox",969,199,222,548,20.54,22.91,-2.37,TRUE,-0.63,-3.24,1.98,19.93,18.32,21.54
2025-07-21,"Fox",932,166,218,548,17.81,23.39,-5.58,TRUE,-0.66,-3.25,1.92,19.87,18.27,21.46
2025-07-28,"Fox",549,136,126,287,24.77,22.95,1.82,TRUE,-0.76,-3.3,1.79,19.82,18.25,21.39
2025-08-04,"Fox",665,120,134,411,18.05,20.15,-2.1,TRUE,-0.87,-3.42,1.67,19.78,18.21,21.35
2025-08-11,"Fox",587,103,103,381,17.55,17.55,0,TRUE,-0.96,-3.55,1.62,19.74,18.15,21.34
2025-08-18,"Fox",741,142,179,420,19.16,24.16,-5,TRUE,-0.99,-3.6,1.63,19.7,18.09,21.31
2025-08-25,"Fox",715,137,148,430,19.16,20.7,-1.54,TRUE,-0.96,-3.54,1.63,19.66,18.06,21.25
2025-09-01,"Fox",1008,190,225,593,18.85,22.32,-3.47,TRUE,-0.93,-3.46,1.61,19.62,18.05,21.18
2025-09-08,"Fox",763,119,134,510,15.6,17.56,-1.96,TRUE,-0.88,-3.39,1.63,19.57,18.03,21.12
2025-09-15,"Fox",560,58,83,419,10.36,14.82,-4.46,TRUE,-0.82,-3.36,1.71,19.53,17.96,21.09
2025-09-22,"Fox",526,84,87,355,15.97,16.54,-0.57,TRUE,-0.75,-3.33,1.84,19.48,17.88,21.07
2025-09-29,"Fox",396,63,72,261,15.91,18.18,-2.27,TRUE,-0.64,-3.26,1.97,19.42,17.81,21.03
2025-10-06,"Fox",710,201,137,372,28.31,19.3,9.01,TRUE,-0.46,-3.04,2.13,19.35,17.75,20.94
2025-10-13,"Fox",791,180,97,514,22.76,12.26,10.5,TRUE,-0.19,-2.73,2.36,19.26,17.69,20.83
2025-10-20,"Fox",568,89,140,339,15.67,24.65,-8.98,TRUE,0.13,-2.42,2.67,19.17,17.6,20.74
2025-10-27,"Fox",818,189,123,506,23.11,15.04,8.07,TRUE,0.42,-2.16,3.01,19.08,17.48,20.67
2025-11-03,"Fox",605,114,140,351,18.84,23.14,-4.3,TRUE,0.65,-1.97,3.26,18.99,17.38,20.6
2025-11-10,"Fox",471,82,118,271,17.41,25.05,-7.64,TRUE,0.86,-1.72,3.45,18.91,17.32,20.5
2025-11-17,"Fox",727,134,144,449,18.43,19.81,-1.38,TRUE,1.14,-1.39,3.68,18.84,17.28,20.41
2025-11-24,"Fox",562,118,103,341,21,18.33,2.67,TRUE,1.45,-1.06,3.96,18.78,17.24,20.33
2025-12-01,"Fox",412,91,73,248,22.09,17.72,4.37,TRUE,1.74,-0.8,4.27,18.73,17.17,20.29
2025-12-08,"Fox",450,89,85,276,19.78,18.89,0.89,TRUE,1.97,-0.62,4.55,18.68,17.08,20.27
2025-12-15,"Fox",378,83,59,236,21.96,15.61,6.35,TRUE,2.11,-0.5,4.72,18.62,17.01,20.23
2025-12-22,"Fox",761,176,156,429,23.13,20.5,2.63,TRUE,2.19,-0.39,4.78,18.53,16.94,20.12
2025-12-29,"Fox",544,125,92,327,22.98,16.91,6.07,TRUE,2.28,-0.26,4.81,18.39,16.83,19.95
2026-01-05,"Fox",569,118,142,309,20.74,24.96,-4.22,TRUE,2.34,-0.17,4.85,18.23,16.68,19.78
2026-01-12,"Fox",576,90,109,377,15.62,18.92,-3.3,TRUE,2.37,-0.17,4.9,18.08,16.51,19.64
2026-01-19,"Fox",469,103,66,300,21.96,14.07,7.89,TRUE,2.35,-0.23,4.94,17.96,16.37,19.55
2026-01-26,"Fox",550,105,91,354,19.09,16.55,2.54,TRUE,2.27,-0.34,4.89,17.91,16.29,19.52
2026-02-02,"Fox",305,69,52,184,22.62,17.05,5.57,TRUE,2.1,-0.49,4.68,17.9,16.31,19.5
2026-02-09,"Fox",204,33,30,141,16.18,14.71,1.47,TRUE,1.82,-0.72,4.35,17.92,16.36,19.48
2026-02-16,"Fox",639,104,142,393,16.28,22.22,-5.94,TRUE,1.48,-1.03,3.99,17.95,16.41,19.5
2026-02-23,"Fox",698,167,105,426,23.93,15.04,8.89,TRUE,1.13,-1.41,3.66,18,16.44,19.56
2026-03-02,"Fox",822,193,125,504,23.48,15.21,8.27,TRUE,0.8,-1.79,3.38,18.06,16.46,19.65
2026-03-09,"Fox",592,96,107,389,16.22,18.07,-1.85,TRUE,0.53,-2.08,3.15,18.12,16.51,19.73
2026-03-16,"Fox",601,110,114,377,18.3,18.97,-0.67,TRUE,0.23,-2.35,2.82,18.24,16.65,19.84
2026-03-23,"Fox",560,110,98,352,19.64,17.5,2.14,TRUE,-0.18,-2.72,2.37,18.45,16.88,20.02
2026-03-30,"Fox",554,99,77,378,17.87,13.9,3.97,TRUE,-0.62,-3.17,1.92,18.68,17.11,20.25
2026-04-06,"Fox",685,127,177,381,18.54,25.84,-7.3,TRUE,-1.03,-3.61,1.56,18.9,17.3,20.49
2026-04-13,"Fox",544,101,102,341,18.57,18.75,-0.18,TRUE,-1.31,-3.93,1.3,19.04,17.43,20.65
2026-04-20,"Fox",693,89,149,455,12.84,21.5,-8.66,TRUE,-1.53,-4.12,1.06,19.13,17.54,20.73
2026-04-27,"Fox",822,69,188,565,8.39,22.87,-14.48,TRUE,-1.77,-4.31,0.77,19.23,17.67,20.8
2026-05-04,"Fox",594,120,107,367,20.2,18.01,2.19,TRUE,-2,-4.49,0.5,19.33,17.79,20.87
2026-05-11,"Fox",1017,190,161,666,18.68,15.83,2.85,TRUE,-2.19,-4.66,0.28,19.42,17.9,20.94
2026-05-18,"Fox",799,157,152,490,19.65,19.02,0.63,TRUE,-2.32,-4.77,0.14,19.48,17.97,21
2026-05-25,"Fox",666,126,146,394,18.92,21.92,-3,TRUE,-2.36,-4.79,0.07,19.51,18.01,21.01
2026-06-01,"Fox",607,99,154,354,16.31,25.37,-9.06,TRUE,-2.34,-4.74,0.06,19.52,18.04,21
2026-06-08,"Fox",791,144,115,532,18.2,14.54,3.66,TRUE,-2.3,-4.66,0.07,19.52,18.06,20.98
2026-06-15,"Fox",612,114,113,385,18.63,18.46,0.17,TRUE,-2.22,-4.55,0.11,19.51,18.08,20.95
2026-06-22,"Fox",579,104,148,327,17.96,25.56,-7.6,TRUE,-2.09,-4.39,0.2,19.48,18.07,20.9
2026-06-29,"Fox",400,87,72,241,21.75,18,3.75,TRUE,-1.91,-4.17,0.35,19.43,18.04,20.83
2026-07-06,"Fox",603,103,94,406,17.08,15.59,1.49,TRUE,-1.68,-3.93,0.57,19.36,17.98,20.75
2026-07-13,"Fox",538,66,86,386,12.27,15.99,-3.72,TRUE,-1.4,-3.67,0.86,19.28,17.88,20.68
2026-07-20,"Fox",523,69,118,336,13.19,22.56,-9.37,TRUE,-1.09,-3.41,1.23,19.18,17.75,20.61
2026-07-27,"Fox",550,106,97,347,19.27,17.64,1.63,TRUE,-0.73,-3.15,1.7,19.07,17.57,20.56
2026-08-03,"Fox",520,111,111,298,21.35,21.35,0,TRUE,-0.32,-2.91,2.26,18.94,17.34,20.53
2026-08-10,"Fox",327,58,64,205,17.74,19.57,-1.83,TRUE,0.12,-2.69,2.94,18.79,17.06,20.52
2026-08-17,"Fox",413,63,73,277,15.25,17.68,-2.43,TRUE,0.62,-2.48,3.72,18.62,16.71,20.54
2026-08-24,"Fox",426,91,69,266,21.36,16.2,5.16,TRUE,1.17,-2.28,4.62,18.44,16.31,20.57
2026-08-31,"Fox",372,70,77,225,18.82,20.7,-1.88,TRUE,1.76,-2.1,5.62,18.24,15.86,20.62
2026-09-07,"Fox",618,153,99,366,24.76,16.02,8.74,TRUE,2.39,-1.94,6.72,18.02,15.35,20.69
2026-09-14,"Fox",534,110,101,323,20.6,18.91,1.69,TRUE,3.07,-1.78,7.92,17.79,14.8,20.78
2024-12-30,"MSNBC/MSNow",261,24,57,180,9.2,21.84,-12.64,TRUE,-17.27,-20.09,-14.45,26.44,23.8,29.08
2025-01-06,"MSNBC/MSNow",906,89,312,505,9.82,34.44,-24.62,TRUE,-18.13,-20.65,-15.62,27.19,24.83,29.55
2025-01-13,"MSNBC/MSNow",1827,180,476,1171,9.85,26.05,-16.2,TRUE,-18.95,-21.2,-16.71,27.9,25.8,30
2025-01-20,"MSNBC/MSNow",2588,207,696,1685,8,26.89,-18.89,TRUE,-19.73,-21.73,-17.72,28.57,26.69,30.45
2025-01-27,"MSNBC/MSNow",1498,90,399,1009,6.01,26.64,-20.63,TRUE,-20.45,-22.25,-18.65,29.19,27.5,30.88
2025-02-03,"MSNBC/MSNow",2102,200,667,1235,9.51,31.73,-22.22,TRUE,-21.11,-22.74,-19.47,29.76,28.23,31.29
2025-02-10,"MSNBC/MSNow",1785,183,508,1094,10.25,28.46,-18.21,TRUE,-21.71,-23.21,-20.2,30.28,28.87,31.69
2025-02-17,"MSNBC/MSNow",2136,167,690,1279,7.82,32.3,-24.48,TRUE,-22.25,-23.66,-20.84,30.75,29.43,32.07
2025-02-24,"MSNBC/MSNow",1483,147,428,908,9.91,28.86,-18.95,TRUE,-22.75,-24.1,-21.4,31.18,29.92,32.44
2025-03-03,"MSNBC/MSNow",2156,157,657,1342,7.28,30.47,-23.19,TRUE,-23.2,-24.52,-21.88,31.57,30.34,32.8
2025-03-10,"MSNBC/MSNow",1958,157,704,1097,8.02,35.96,-27.94,TRUE,-23.61,-24.92,-22.3,31.92,30.7,33.15
2025-03-17,"MSNBC/MSNow",1480,110,468,902,7.43,31.62,-24.19,TRUE,-23.98,-25.3,-22.67,32.24,31.01,33.47
2025-03-24,"MSNBC/MSNow",922,67,313,542,7.27,33.95,-26.68,TRUE,-24.3,-25.63,-22.97,32.52,31.27,33.76
2025-03-31,"MSNBC/MSNow",1739,172,645,922,9.89,37.09,-27.2,TRUE,-24.56,-25.91,-23.2,32.74,31.47,34
2025-04-07,"MSNBC/MSNow",1969,173,684,1112,8.79,34.74,-25.95,TRUE,-24.76,-26.13,-23.39,32.91,31.62,34.2
2025-04-14,"MSNBC/MSNow",1583,131,500,952,8.28,31.59,-23.31,TRUE,-24.92,-26.32,-23.53,33.05,31.75,34.36
2025-04-21,"MSNBC/MSNow",1669,107,652,910,6.41,39.07,-32.66,TRUE,-25.06,-26.47,-23.65,33.16,31.84,34.49
2025-04-28,"MSNBC/MSNow",2043,179,688,1176,8.76,33.68,-24.92,TRUE,-25.17,-26.6,-23.74,33.26,31.92,34.6
2025-05-05,"MSNBC/MSNow",889,58,270,561,6.52,30.37,-23.85,TRUE,-25.21,-26.64,-23.77,33.28,31.94,34.63
2025-05-12,"MSNBC/MSNow",1352,109,468,775,8.06,34.62,-26.56,TRUE,-25.12,-26.57,-23.68,33.2,31.85,34.56
2025-05-19,"MSNBC/MSNow",1615,131,531,953,8.11,32.88,-24.77,TRUE,-24.97,-26.44,-23.5,33.07,31.69,34.44
2025-05-26,"MSNBC/MSNow",1997,155,681,1161,7.76,34.1,-26.34,TRUE,-24.81,-26.32,-23.31,32.92,31.51,34.33
2025-06-02,"MSNBC/MSNow",1447,107,436,904,7.39,30.13,-22.74,TRUE,-24.7,-26.22,-23.18,32.81,31.39,34.24
2025-06-09,"MSNBC/MSNow",1419,112,424,883,7.89,29.88,-21.99,TRUE,-24.55,-26.05,-23.04,32.67,31.26,34.08
2025-06-16,"MSNBC/MSNow",1367,108,460,799,7.9,33.65,-25.75,TRUE,-24.28,-25.75,-22.8,32.43,31.05,33.81
2025-06-23,"MSNBC/MSNow",1090,96,342,652,8.81,31.38,-22.57,TRUE,-23.95,-25.41,-22.49,32.13,30.77,33.5
2025-06-30,"MSNBC/MSNow",1277,185,449,643,14.49,35.16,-20.67,TRUE,-23.62,-25.09,-22.14,31.84,30.46,33.22
2025-07-07,"MSNBC/MSNow",1148,80,345,723,6.97,30.05,-23.08,TRUE,-23.35,-24.85,-21.85,31.6,30.19,33
2025-07-14,"MSNBC/MSNow",1688,126,485,1077,7.46,28.73,-21.27,TRUE,-23.19,-24.71,-21.68,31.46,30.03,32.88
2025-07-21,"MSNBC/MSNow",1515,83,441,991,5.48,29.11,-23.63,TRUE,-23.09,-24.59,-21.59,31.37,29.96,32.78
2025-07-28,"MSNBC/MSNow",1494,110,484,900,7.36,32.4,-25.04,TRUE,-22.96,-24.44,-21.48,31.28,29.89,32.66
2025-08-04,"MSNBC/MSNow",1635,138,512,985,8.44,31.31,-22.87,TRUE,-22.84,-24.32,-21.36,31.19,29.81,32.58
2025-08-11,"MSNBC/MSNow",1548,139,480,929,8.98,31.01,-22.03,TRUE,-22.77,-24.28,-21.27,31.15,29.74,32.56
2025-08-18,"MSNBC/MSNow",1181,99,367,715,8.38,31.08,-22.7,TRUE,-22.8,-24.32,-21.28,31.17,29.74,32.59
2025-08-25,"MSNBC/MSNow",1195,100,412,683,8.37,34.48,-26.11,TRUE,-22.94,-24.44,-21.44,31.26,29.86,32.67
2025-09-01,"MSNBC/MSNow",1380,113,552,715,8.19,40,-31.81,TRUE,-23.16,-24.63,-21.68,31.42,30.04,32.8
2025-09-08,"MSNBC/MSNow",1129,102,322,705,9.03,28.52,-19.49,TRUE,-23.43,-24.89,-21.97,31.61,30.24,32.98
2025-09-15,"MSNBC/MSNow",1037,82,277,678,7.91,26.71,-18.8,TRUE,-23.73,-25.2,-22.26,31.83,30.45,33.21
2025-09-22,"MSNBC/MSNow",1928,137,582,1209,7.11,30.19,-23.08,TRUE,-24.03,-25.54,-22.53,32.05,30.64,33.45
2025-09-29,"MSNBC/MSNow",1401,101,457,843,7.21,32.62,-25.41,TRUE,-24.32,-25.84,-22.8,32.25,30.83,33.67
2025-10-06,"MSNBC/MSNow",1016,91,292,633,8.96,28.74,-19.78,TRUE,-24.65,-26.15,-23.14,32.49,31.08,33.9
2025-10-13,"MSNBC/MSNow",1636,141,446,1049,8.62,27.26,-18.64,TRUE,-25.06,-26.54,-23.58,32.79,31.4,34.17
2025-10-20,"MSNBC/MSNow",1443,128,547,768,8.87,37.91,-29.04,TRUE,-25.52,-27,-24.04,33.12,31.73,34.5
2025-10-27,"MSNBC/MSNow",1592,120,548,924,7.54,34.42,-26.88,TRUE,-25.95,-27.46,-24.45,33.44,32.03,34.84
2025-11-03,"MSNBC/MSNow",1678,171,615,892,10.19,36.65,-26.46,TRUE,-26.32,-27.84,-24.8,33.71,32.29,35.13
2025-11-10,"MSNBC/MSNow",1431,98,474,859,6.85,33.12,-26.27,TRUE,-26.68,-28.18,-25.18,33.97,32.56,35.38
2025-11-17,"MSNBC/MSNow",285,10,90,185,3.51,31.58,-28.07,TRUE,-27.1,-28.58,-25.63,34.27,32.89,35.65
2025-11-24,"MSNBC/MSNow",1349,91,509,749,6.75,37.73,-30.98,TRUE,-27.56,-29.02,-26.1,34.58,33.22,35.95
2025-12-01,"MSNBC/MSNow",1373,92,509,772,6.7,37.07,-30.37,TRUE,-28.01,-29.48,-26.53,34.9,33.52,36.28
2025-12-08,"MSNBC/MSNow",1867,134,716,1017,7.18,38.35,-31.17,TRUE,-28.42,-29.92,-26.92,35.2,33.79,36.6
2025-12-15,"MSNBC/MSNow",1693,107,595,991,6.32,35.14,-28.82,TRUE,-28.76,-30.28,-27.24,35.46,34.03,36.88
2025-12-22,"MSNBC/MSNow",1248,72,398,778,5.77,31.89,-26.12,TRUE,-29.04,-30.54,-27.53,35.68,34.28,37.09
2025-12-29,"MSNBC/MSNow",1156,70,413,673,6.06,35.73,-29.67,TRUE,-29.3,-30.77,-27.83,35.9,34.52,37.28
2026-01-05,"MSNBC/MSNow",1603,126,545,932,7.86,34,-26.14,TRUE,-29.55,-31.01,-28.09,36.1,34.73,37.46
2026-01-12,"MSNBC/MSNow",1800,126,671,1003,7,37.28,-30.28,TRUE,-29.77,-31.25,-28.3,36.29,34.91,37.67
2026-01-19,"MSNBC/MSNow",1984,126,802,1056,6.35,40.42,-34.07,TRUE,-29.99,-31.49,-28.48,36.49,35.08,37.9
2026-01-26,"MSNBC/MSNow",1477,75,538,864,5.08,36.43,-31.35,TRUE,-30.18,-31.7,-28.66,36.69,35.27,38.11
2026-02-02,"MSNBC/MSNow",1597,114,590,893,7.14,36.94,-29.8,TRUE,-30.34,-31.84,-28.84,36.89,35.48,38.3
2026-02-09,"MSNBC/MSNow",1721,118,647,956,6.86,37.59,-30.73,TRUE,-30.45,-31.93,-28.98,37.09,35.71,38.47
2026-02-16,"MSNBC/MSNow",1482,116,532,834,7.83,35.9,-28.07,TRUE,-30.54,-32,-29.08,37.28,35.91,38.65
2026-02-23,"MSNBC/MSNow",1938,100,718,1120,5.16,37.05,-31.89,TRUE,-30.6,-32.08,-29.13,37.46,36.08,38.84
2026-03-02,"MSNBC/MSNow",1622,147,515,960,9.06,31.75,-22.69,TRUE,-30.67,-32.17,-29.17,37.64,36.23,39.05
2026-03-09,"MSNBC/MSNow",1610,105,655,850,6.52,40.68,-34.16,TRUE,-30.75,-32.27,-29.23,37.81,36.39,39.23
2026-03-16,"MSNBC/MSNow",1919,117,708,1094,6.1,36.89,-30.79,TRUE,-30.83,-32.33,-29.33,37.98,36.57,39.39
2026-03-23,"MSNBC/MSNow",1735,116,637,982,6.69,36.71,-30.02,TRUE,-30.88,-32.36,-29.4,38.15,36.76,39.54
2026-03-30,"MSNBC/MSNow",2030,127,772,1131,6.26,38.03,-31.77,TRUE,-30.92,-32.4,-29.44,38.32,36.93,39.71
2026-04-06,"MSNBC/MSNow",2024,171,814,1039,8.45,40.22,-31.77,TRUE,-30.97,-32.47,-29.46,38.48,37.08,39.89
2026-04-13,"MSNBC/MSNow",1996,174,849,973,8.72,42.54,-33.82,TRUE,-31.03,-32.55,-29.51,38.63,37.21,40.06
2026-04-20,"MSNBC/MSNow",2052,149,848,1055,7.26,41.33,-34.07,TRUE,-31.09,-32.6,-29.58,38.76,37.35,40.17
2026-04-27,"MSNBC/MSNow",1745,125,595,1025,7.16,34.1,-26.94,TRUE,-31.13,-32.61,-29.65,38.87,37.49,40.25
2026-05-04,"MSNBC/MSNow",1892,164,787,941,8.67,41.6,-32.93,TRUE,-31.16,-32.61,-29.71,38.96,37.6,40.32
2026-05-11,"MSNBC/MSNow",2013,167,788,1058,8.3,39.15,-30.85,TRUE,-31.21,-32.64,-29.77,39.06,37.72,40.4
2026-05-18,"MSNBC/MSNow",2156,176,888,1092,8.16,41.19,-33.03,TRUE,-31.27,-32.7,-29.84,39.17,37.83,40.51
2026-05-25,"MSNBC/MSNow",1682,172,654,856,10.23,38.88,-28.65,TRUE,-31.37,-32.78,-29.95,39.31,37.98,40.63
2026-06-01,"MSNBC/MSNow",2037,119,792,1126,5.84,38.88,-33.04,TRUE,-31.49,-32.88,-30.09,39.47,38.16,40.77
2026-06-08,"MSNBC/MSNow",2327,194,912,1221,8.34,39.19,-30.85,TRUE,-31.61,-32.99,-30.24,39.62,38.33,40.91
2026-06-15,"MSNBC/MSNow",1572,99,628,845,6.3,39.95,-33.65,TRUE,-31.74,-33.1,-30.39,39.78,38.51,41.04
2026-06-22,"MSNBC/MSNow",1680,130,670,880,7.74,39.88,-32.14,TRUE,-31.88,-33.22,-30.55,39.94,38.69,41.18
2026-06-29,"MSNBC/MSNow",1490,175,529,786,11.74,35.5,-23.76,TRUE,-32.03,-33.35,-30.71,40.1,38.87,41.33
2026-07-06,"MSNBC/MSNow",1521,144,585,792,9.47,38.46,-28.99,TRUE,-32.19,-33.49,-30.88,40.27,39.04,41.49
2026-07-13,"MSNBC/MSNow",1521,97,580,844,6.38,38.13,-31.75,TRUE,-32.35,-33.66,-31.03,40.43,39.2,41.67
2026-07-20,"MSNBC/MSNow",1573,118,666,789,7.5,42.34,-34.84,TRUE,-32.51,-33.86,-31.16,40.6,39.34,41.87
2026-07-27,"MSNBC/MSNow",1628,115,704,809,7.06,43.24,-36.18,TRUE,-32.69,-34.1,-31.28,40.78,39.45,42.1
2026-08-03,"MSNBC/MSNow",1517,126,610,781,8.31,40.21,-31.9,TRUE,-32.87,-34.38,-31.37,40.95,39.54,42.36
2026-08-10,"MSNBC/MSNow",1473,111,566,796,7.54,38.42,-30.88,TRUE,-33.07,-34.7,-31.43,41.13,39.6,42.67
2026-08-17,"MSNBC/MSNow",1493,106,633,754,7.1,42.4,-35.3,TRUE,-33.28,-35.08,-31.47,41.32,39.64,43.01
2026-08-24,"MSNBC/MSNow",1608,129,713,766,8.02,44.34,-36.32,TRUE,-33.5,-35.5,-31.49,41.52,39.64,43.4
2026-08-31,"MSNBC/MSNow",1843,134,769,940,7.27,41.73,-34.46,TRUE,-33.73,-35.98,-31.49,41.72,39.62,43.83
2026-09-07,"MSNBC/MSNow",1222,106,523,593,8.67,42.8,-34.13,TRUE,-33.97,-36.49,-31.46,41.93,39.57,44.29
2026-09-14,"MSNBC/MSNow",1648,148,680,820,8.98,41.26,-32.28,TRUE,-34.22,-37.04,-31.4,42.14,39.5,44.78
2024-12-30,"NBC",110,9,10,91,8.18,9.09,-0.91,TRUE,-6.51,-13.6,0.58,15.83,9.42,22.24
2025-01-06,"NBC",186,22,39,125,11.83,20.97,-9.14,TRUE,-7.33,-13.62,-1.04,16.82,11.13,22.51
2025-01-13,"NBC",274,22,28,224,8.03,10.22,-2.19,TRUE,-8.11,-13.69,-2.52,17.76,12.71,22.8
2025-01-20,"NBC",426,64,67,295,15.02,15.73,-0.71,TRUE,-8.82,-13.79,-3.86,18.62,14.13,23.11
2025-01-27,"NBC",377,27,77,273,7.16,20.42,-13.26,TRUE,-9.46,-13.91,-5.02,19.41,15.39,23.43
2025-02-03,"NBC",395,23,102,270,5.82,25.82,-20,TRUE,-10.02,-14.04,-5.99,20.11,16.47,23.75
2025-02-10,"NBC",372,25,93,254,6.72,25,-18.28,TRUE,-10.48,-14.19,-6.77,20.72,17.36,24.07
2025-02-17,"NBC",354,46,92,216,12.99,25.99,-13,TRUE,-10.87,-14.36,-7.38,21.25,18.1,24.41
2025-02-24,"NBC",416,70,101,245,16.83,24.28,-7.45,TRUE,-11.2,-14.56,-7.84,21.72,18.68,24.76
2025-03-03,"NBC",408,45,78,285,11.03,19.12,-8.09,TRUE,-11.49,-14.79,-8.18,22.13,19.14,25.11
2025-03-10,"NBC",401,60,110,231,14.96,27.43,-12.47,TRUE,-11.73,-15.04,-8.43,22.49,19.5,25.47
2025-03-17,"NBC",416,31,111,274,7.45,26.68,-19.23,TRUE,-11.9,-15.24,-8.56,22.76,19.74,25.78
2025-03-24,"NBC",339,18,77,244,5.31,22.71,-17.4,TRUE,-11.96,-15.35,-8.57,22.94,19.87,26
2025-03-31,"NBC",360,38,77,245,10.56,21.39,-10.83,TRUE,-11.95,-15.39,-8.51,23.03,19.92,26.14
2025-04-07,"NBC",225,41,45,139,18.22,20,-1.78,TRUE,-11.89,-15.38,-8.39,23.07,19.91,26.23
2025-04-14,"NBC",280,13,77,190,4.64,27.5,-22.86,TRUE,-11.82,-15.37,-8.27,23.08,19.88,26.29
2025-04-21,"NBC",305,14,87,204,4.59,28.52,-23.93,TRUE,-11.78,-15.37,-8.19,23.09,19.84,26.34
2025-04-28,"NBC",293,38,96,159,12.97,32.76,-19.79,TRUE,-11.57,-15.19,-7.96,22.94,19.67,26.21
2025-05-05,"NBC",233,19,32,182,8.15,13.73,-5.58,TRUE,-11.11,-14.75,-7.47,22.56,19.27,25.86
2025-05-12,"NBC",260,42,41,177,16.15,15.77,0.38,TRUE,-10.54,-14.24,-6.84,22.08,18.74,25.43
2025-05-19,"NBC",255,34,63,158,13.33,24.71,-11.38,TRUE,-10.03,-13.81,-6.24,21.63,18.2,25.05
2025-05-26,"NBC",288,26,48,214,9.03,16.67,-7.64,TRUE,-9.73,-13.56,-5.9,21.32,17.85,24.78
2025-06-02,"NBC",149,11,32,106,7.38,21.48,-14.1,TRUE,-9.59,-13.38,-5.81,21.11,17.69,24.54
2025-06-09,"NBC",148,8,37,103,5.41,25,-19.59,TRUE,-9.47,-13.17,-5.77,20.89,17.54,24.24
2025-06-16,"NBC",135,16,32,87,11.85,23.7,-11.85,TRUE,-9.37,-13.04,-5.7,20.66,17.35,23.98
2025-06-23,"NBC",106,24,30,52,22.64,28.3,-5.66,TRUE,-9.3,-13,-5.6,20.44,17.1,23.79
2025-06-30,"NBC",62,11,8,43,17.74,12.9,4.84,TRUE,-9.27,-13.05,-5.48,20.25,16.83,23.67
2025-07-07,"NBC",119,16,17,86,13.45,14.29,-0.84,TRUE,-9.28,-13.11,-5.45,20.09,16.62,23.55
2025-07-14,"NBC",103,13,8,82,12.62,7.77,4.85,TRUE,-9.42,-13.21,-5.64,19.95,16.52,23.37
2025-07-21,"NBC",79,6,8,65,7.59,10.13,-2.54,TRUE,-9.7,-13.42,-5.98,19.82,16.45,23.18
2025-07-28,"NBC",100,6,31,63,6,31,-25,TRUE,-10.05,-13.77,-6.33,19.71,16.34,23.07
2025-08-04,"NBC",84,9,28,47,10.71,33.33,-22.62,TRUE,-10.4,-14.18,-6.61,19.63,16.21,23.05
2025-08-11,"NBC",210,18,44,148,8.57,20.95,-12.38,TRUE,-10.67,-14.5,-6.84,19.59,16.13,23.06
2025-08-18,"NBC",105,7,17,81,6.67,16.19,-9.52,TRUE,-10.97,-14.75,-7.19,19.65,16.24,23.07
2025-08-25,"NBC",63,3,12,48,4.76,19.05,-14.29,TRUE,-11.4,-15.09,-7.7,19.82,16.49,23.16
2025-09-01,"NBC",106,7,28,71,6.6,26.42,-19.82,TRUE,-11.89,-15.53,-8.25,20.05,16.76,23.34
2025-09-08,"NBC",90,9,22,59,10,24.44,-14.44,TRUE,-12.38,-16.04,-8.73,20.28,16.97,23.58
2025-09-15,"NBC",72,0,8,64,0,11.11,-11.11,TRUE,-12.81,-16.53,-9.1,20.46,17.1,23.82
2025-09-22,"NBC",66,5,16,45,7.58,24.24,-16.66,TRUE,-13.12,-16.87,-9.36,20.54,17.15,23.93
2025-09-29,"NBC",59,3,10,46,5.08,16.95,-11.87,TRUE,-13.34,-17.06,-9.63,20.6,17.25,23.96
2025-10-06,"NBC",156,14,22,120,8.97,14.1,-5.13,TRUE,-13.58,-17.23,-9.92,20.72,17.42,24.03
2025-10-13,"NBC",127,14,15,98,11.02,11.81,-0.79,TRUE,-13.8,-17.44,-10.16,20.85,17.55,24.14
2025-10-20,"NBC",126,6,23,97,4.76,18.25,-13.49,TRUE,-13.98,-17.65,-10.3,20.92,17.6,24.25
2025-10-27,"NBC",83,6,25,52,7.23,30.12,-22.89,TRUE,-14.09,-17.78,-10.39,20.9,17.56,24.24
2025-11-03,"NBC",94,9,26,59,9.57,27.66,-18.09,TRUE,-14.08,-17.73,-10.44,20.76,17.46,24.05
2025-11-10,"NBC",112,10,29,73,8.93,25.89,-16.96,TRUE,-13.95,-17.53,-10.38,20.53,17.3,23.76
2025-11-17,"NBC",178,15,36,127,8.43,20.22,-11.79,TRUE,-13.76,-17.3,-10.21,20.26,17.05,23.47
2025-11-24,"NBC",63,6,15,42,9.52,23.81,-14.29,TRUE,-13.54,-17.14,-9.95,19.98,16.73,23.23
2025-12-01,"NBC",74,5,9,60,6.76,12.16,-5.4,TRUE,-13.36,-17.04,-9.68,19.73,16.4,23.05
2025-12-08,"NBC",95,9,21,65,9.47,22.11,-12.64,TRUE,-13.26,-17,-9.52,19.54,16.16,22.92
2025-12-15,"NBC",52,2,14,36,3.85,26.92,-23.07,TRUE,-13.22,-16.95,-9.49,19.33,15.96,22.7
2025-12-22,"NBC",50,1,5,44,2,10,-8,TRUE,-13.18,-16.91,-9.45,19.02,15.65,22.39
2025-12-29,"NBC",53,3,11,39,5.66,20.75,-15.09,TRUE,-13.14,-16.92,-9.37,18.69,15.28,22.11
2026-01-05,"NBC",105,5,20,80,4.76,19.05,-14.29,TRUE,-13.11,-16.98,-9.24,18.42,14.92,21.92
2026-01-12,"NBC",96,4,13,79,4.17,13.54,-9.37,TRUE,-13.08,-17.01,-9.15,18.28,14.72,21.83
2026-01-19,"NBC",35,1,10,24,2.86,28.57,-25.71,TRUE,-13.06,-16.96,-9.16,18.25,14.72,21.78
2026-01-26,"NBC",69,6,12,51,8.7,17.39,-8.69,TRUE,-13.06,-16.88,-9.23,18.27,14.82,21.73
2026-02-02,"NBC",49,0,5,44,0,10.2,-10.2,TRUE,-13.05,-16.79,-9.32,18.33,14.96,21.71
2026-02-23,"NBC",72,5,7,60,6.94,9.72,-2.78,TRUE,-13.02,-16.78,-9.25,18.68,15.27,22.08
2026-03-02,"NBC",75,3,10,62,4,13.33,-9.33,TRUE,-12.97,-16.84,-9.1,18.81,15.32,22.31
2026-03-09,"NBC",23,2,1,20,8.7,4.35,4.35,FALSE,NA,NA,NA,NA,NA,NA
2026-03-16,"NBC",78,5,18,55,6.41,23.08,-16.67,TRUE,-12.64,-16.57,-8.7,19.27,15.72,22.83
2026-03-23,"NBC",92,5,21,66,5.43,22.83,-17.4,TRUE,-12.47,-16.3,-8.65,19.6,16.14,23.06
2026-03-30,"NBC",126,7,27,92,5.56,21.43,-15.87,TRUE,-12.29,-16.05,-8.53,19.97,16.57,23.37
2026-04-06,"NBC",69,6,8,55,8.7,11.59,-2.89,TRUE,-12.1,-15.86,-8.35,20.28,16.89,23.68
2026-04-13,"NBC",125,8,27,90,6.4,21.6,-15.2,TRUE,-11.9,-15.66,-8.14,20.46,17.06,23.86
2026-04-20,"NBC",102,6,24,72,5.88,23.53,-17.65,TRUE,-11.63,-15.35,-7.91,20.47,17.11,23.84
2026-04-27,"NBC",87,4,14,69,4.6,16.09,-11.49,TRUE,-11.25,-14.91,-7.6,20.41,17.1,23.71
2026-05-04,"NBC",80,11,19,50,13.75,23.75,-10,TRUE,-10.84,-14.44,-7.25,20.3,17.05,23.55
2026-05-11,"NBC",150,17,42,91,11.33,28,-16.67,TRUE,-10.45,-13.99,-6.9,20.19,16.99,23.4
2026-05-18,"NBC",108,19,38,51,17.59,35.19,-17.6,TRUE,-10.13,-13.63,-6.64,20.14,16.98,23.3
2026-05-25,"NBC",108,15,23,70,13.89,21.3,-7.41,TRUE,-9.95,-13.39,-6.52,20.18,17.07,23.29
2026-06-01,"NBC",114,7,26,81,6.14,22.81,-16.67,TRUE,-9.86,-13.22,-6.49,20.28,17.23,23.32
2026-06-08,"NBC",86,10,9,67,11.63,10.47,1.16,TRUE,-9.77,-13.07,-6.46,20.38,17.39,23.36
2026-06-15,"NBC",81,14,9,58,17.28,11.11,6.17,TRUE,-9.69,-12.94,-6.44,20.48,17.54,23.42
2026-06-22,"NBC",88,9,25,54,10.23,28.41,-18.18,TRUE,-9.65,-12.86,-6.45,20.6,17.7,23.5
2026-06-29,"NBC",100,12,34,54,12,34,-22,TRUE,-9.67,-12.86,-6.48,20.73,17.84,23.62
2026-07-06,"NBC",47,3,4,40,6.38,8.51,-2.13,TRUE,-9.73,-12.95,-6.51,20.88,17.97,23.8
2026-07-13,"NBC",83,6,12,65,7.23,14.46,-7.23,TRUE,-9.82,-13.13,-6.51,21.04,18.05,24.04
2026-07-20,"NBC",59,4,7,48,6.78,11.86,-5.08,TRUE,-9.94,-13.41,-6.47,21.22,18.08,24.35
2026-07-27,"NBC",78,8,14,56,10.26,17.95,-7.69,TRUE,-10.09,-13.8,-6.38,21.4,18.05,24.75
2026-08-03,"NBC",60,11,9,40,18.33,15,3.33,TRUE,-10.28,-14.31,-6.25,21.59,17.95,25.24
2026-08-10,"NBC",42,5,9,28,11.9,21.43,-9.53,TRUE,-10.52,-14.96,-6.08,21.81,17.8,25.82
2026-08-17,"NBC",53,5,9,39,9.43,16.98,-7.55,TRUE,-10.81,-15.74,-5.88,22.05,17.59,26.51
2026-08-24,"NBC",97,14,18,65,14.43,18.56,-4.13,TRUE,-11.15,-16.66,-5.65,22.32,17.34,27.3
2026-08-31,"NBC",116,17,30,69,14.66,25.86,-11.2,TRUE,-11.53,-17.69,-5.37,22.59,17.02,28.16
2026-09-07,"NBC",84,6,24,54,7.14,28.57,-21.43,TRUE,-11.93,-18.81,-5.05,22.88,16.66,29.1
2026-09-14,"NBC",129,12,41,76,9.3,31.78,-22.48,TRUE,-6.51,-13.6,0.58,15.83,9.42,22.24
