"week","outlet","total_segments","n_positive","n_negative","n_neutral","pct_positive","pct_negative","pci","eligible","smooth_pci","smooth_pci_lo","smooth_pci_hi","smooth_neg","smooth_neg_lo","smooth_neg_hi"
2024-12-30,"ABC News",75,4,10,61,5.33,13.33,-8,TRUE,-11.14,-15.29,-7,16.69,13.07,20.32
2025-01-06,"ABC News",201,10,48,143,4.98,23.88,-18.9,TRUE,-11.65,-15.16,-8.14,17.28,14.21,20.34
2025-01-13,"ABC News",315,21,47,247,6.67,14.92,-8.25,TRUE,-12.11,-15.09,-9.14,17.81,15.2,20.41
2025-01-20,"ABC News",309,19,48,242,6.15,15.53,-9.38,TRUE,-12.52,-15.08,-9.97,18.28,16.04,20.52
2025-01-27,"ABC News",245,13,39,193,5.31,15.92,-10.61,TRUE,-12.88,-15.13,-10.62,18.69,16.72,20.67
2025-02-03,"ABC News",306,17,73,216,5.56,23.86,-18.3,TRUE,-13.18,-15.25,-11.11,19.05,17.24,20.87
2025-02-10,"ABC News",334,23,77,234,6.89,23.05,-16.16,TRUE,-13.44,-15.42,-11.45,19.37,17.63,21.1
2025-02-17,"ABC News",305,23,54,228,7.54,17.7,-10.16,TRUE,-13.65,-15.63,-11.68,19.63,17.9,21.35
2025-02-24,"ABC News",316,13,70,233,4.11,22.15,-18.04,TRUE,-13.82,-15.82,-11.81,19.83,18.08,21.59
2025-03-03,"ABC News",348,18,68,262,5.17,19.54,-14.37,TRUE,-13.93,-15.98,-11.88,19.98,18.19,21.77
2025-03-10,"ABC News",317,22,58,237,6.94,18.3,-11.36,TRUE,-13.99,-16.09,-11.9,20.08,18.25,21.91
2025-03-17,"ABC News",310,18,56,236,5.81,18.06,-12.25,TRUE,-14.03,-16.17,-11.89,20.14,18.27,22.01
2025-03-24,"ABC News",293,12,48,233,4.1,16.38,-12.28,TRUE,-13.99,-16.15,-11.83,20.12,18.23,22.01
2025-03-31,"ABC News",295,19,79,197,6.44,26.78,-20.34,TRUE,-13.85,-16.04,-11.66,20,18.08,21.91
2025-04-07,"ABC News",285,20,58,207,7.02,20.35,-13.33,TRUE,-13.67,-15.92,-11.42,19.83,17.86,21.8
2025-04-14,"ABC News",279,17,56,206,6.09,20.07,-13.98,TRUE,-13.51,-15.8,-11.21,19.68,17.67,21.69
2025-04-21,"ABC News",266,21,43,202,7.89,16.17,-8.28,TRUE,-13.34,-15.59,-11.09,19.51,17.55,21.48
2025-04-28,"ABC News",274,18,56,200,6.57,20.44,-13.87,TRUE,-13.13,-15.34,-10.93,19.3,17.37,21.23
2025-05-05,"ABC News",232,12,46,174,5.17,19.83,-14.66,TRUE,-12.93,-15.17,-10.68,19.08,17.11,21.04
2025-05-12,"ABC News",287,14,59,214,4.88,20.56,-15.68,TRUE,-12.76,-15.05,-10.46,18.89,16.88,20.9
2025-05-19,"ABC News",284,23,51,210,8.1,17.96,-9.86,TRUE,-12.63,-14.88,-10.38,18.71,16.75,20.68
2025-05-26,"ABC News",243,15,48,180,6.17,19.75,-13.58,TRUE,-12.51,-14.72,-10.31,18.5,16.57,20.44
2025-06-02,"ABC News",280,13,47,220,4.64,16.79,-12.15,TRUE,-12.38,-14.63,-10.14,18.29,16.32,20.25
2025-06-09,"ABC News",294,17,35,242,5.78,11.9,-6.12,TRUE,-12.22,-14.52,-9.93,18.07,16.07,20.08
2025-06-16,"ABC News",235,10,44,181,4.26,18.72,-14.46,TRUE,-11.98,-14.23,-9.74,17.84,15.87,19.8
2025-06-23,"ABC News",272,23,51,198,8.46,18.75,-10.29,TRUE,-11.68,-13.89,-9.47,17.57,15.64,19.5
2025-06-30,"ABC News",232,13,44,175,5.6,18.97,-13.37,TRUE,-11.4,-13.65,-9.15,17.32,15.36,19.29
2025-07-07,"ABC News",199,8,41,150,4.02,20.6,-16.58,TRUE,-11.22,-13.52,-8.93,17.14,15.13,19.14
2025-07-14,"ABC News",248,13,47,188,5.24,18.95,-13.71,TRUE,-11.16,-13.41,-8.91,17.01,15.05,18.98
2025-07-21,"ABC News",245,15,40,190,6.12,16.33,-10.21,TRUE,-11.15,-13.36,-8.95,16.92,14.99,18.85
2025-07-28,"ABC News",273,16,42,215,5.86,15.38,-9.52,TRUE,-11.17,-13.42,-8.92,16.85,14.88,18.82
2025-08-04,"ABC News",241,16,35,190,6.64,14.52,-7.88,TRUE,-11.16,-13.45,-8.86,16.78,14.78,18.79
2025-08-11,"ABC News",184,15,25,144,8.15,13.59,-5.44,TRUE,-11.14,-13.39,-8.89,16.71,14.75,18.68
2025-08-18,"ABC News",241,16,43,182,6.64,17.84,-11.2,TRUE,-11.14,-13.35,-8.94,16.64,14.71,18.57
2025-08-25,"ABC News",273,11,47,215,4.03,17.22,-13.19,TRUE,-11.14,-13.39,-8.9,16.58,14.61,18.54
2025-09-01,"ABC News",246,15,35,196,6.1,14.23,-8.13,TRUE,-11.13,-13.42,-8.83,16.54,14.53,18.54
2025-09-08,"ABC News",277,9,60,208,3.25,21.66,-18.41,TRUE,-11.2,-13.44,-8.95,16.63,14.66,18.59
2025-09-15,"ABC News",245,8,35,202,3.27,14.29,-11.02,TRUE,-11.38,-13.59,-9.18,16.85,14.92,18.78
2025-09-22,"ABC News",310,13,47,250,4.19,15.16,-10.97,TRUE,-11.56,-13.81,-9.31,17.07,15.1,19.03
2025-09-29,"ABC News",252,16,55,181,6.35,21.83,-15.48,TRUE,-11.59,-13.89,-9.3,17.13,15.13,19.14
2025-10-06,"ABC News",243,13,40,190,5.35,16.46,-11.11,TRUE,-11.43,-13.68,-9.18,17.05,15.08,19.02
2025-10-13,"ABC News",203,13,32,158,6.4,15.76,-9.36,TRUE,-11.16,-13.36,-8.95,16.92,14.99,18.85
2025-10-20,"ABC News",280,19,38,223,6.79,13.57,-6.78,TRUE,-10.85,-13.1,-8.6,16.75,14.78,18.72
2025-10-27,"ABC News",279,21,53,205,7.53,19,-11.47,TRUE,-10.58,-12.88,-8.29,16.56,14.55,18.56
2025-11-03,"ABC News",248,17,41,190,6.85,16.53,-9.68,TRUE,-10.27,-12.52,-8.02,16.27,14.3,18.24
2025-11-10,"ABC News",253,17,46,190,6.72,18.18,-11.46,TRUE,-9.86,-12.05,-7.67,15.89,13.97,17.8
2025-11-17,"ABC News",274,11,53,210,4.01,19.34,-15.33,TRUE,-9.49,-11.65,-7.33,15.52,13.63,17.41
2025-11-24,"ABC News",184,12,27,145,6.52,14.67,-8.15,TRUE,-9.3,-11.44,-7.16,15.27,13.4,17.14
2025-12-01,"ABC News",211,11,22,178,5.21,10.43,-5.22,TRUE,-9.23,-11.32,-7.14,15.12,13.28,16.95
2025-12-08,"ABC News",278,13,43,222,4.68,15.47,-10.79,TRUE,-9.18,-11.23,-7.13,14.96,13.17,16.75
2025-12-15,"ABC News",231,16,28,187,6.93,12.12,-5.19,TRUE,-9.18,-11.18,-7.17,14.82,13.06,16.57
2025-12-22,"ABC News",157,12,16,129,7.64,10.19,-2.55,TRUE,-9.25,-11.23,-7.28,14.71,12.99,16.44
2025-12-29,"ABC News",158,6,20,132,3.8,12.66,-8.86,TRUE,-9.4,-11.38,-7.41,14.64,12.9,16.37
2026-01-05,"ABC News",269,11,41,217,4.09,15.24,-11.15,TRUE,-9.59,-11.66,-7.52,14.58,12.77,16.39
2026-01-12,"ABC News",319,14,52,253,4.39,16.3,-11.91,TRUE,-9.83,-12.09,-7.58,14.55,12.58,16.52
2026-01-19,"ABC News",288,12,49,227,4.17,17.01,-12.84,TRUE,-10.14,-12.7,-7.59,14.55,12.32,16.79
2026-01-26,"ABC News",298,11,49,238,3.69,16.44,-12.75,TRUE,-10.48,-13.41,-7.55,14.58,12.02,17.14
2026-02-02,"ABC News",283,24,31,228,8.48,10.95,-2.47,TRUE,-10.78,-14.09,-7.47,14.62,11.73,17.51
2026-02-09,"ABC News",71,0,12,59,0,16.9,-16.9,TRUE,-11.05,-14.71,-7.39,14.67,11.48,17.87
2026-06-08,"ABC News",9,1,1,7,11.11,11.11,0,FALSE,NA,NA,NA,NA,NA,NA
2026-06-15,"ABC News",15,2,4,9,13.33,26.67,-13.34,FALSE,NA,NA,NA,NA,NA,NA
2026-06-22,"ABC News",6,0,2,4,0,33.33,-33.33,FALSE,NA,NA,NA,NA,NA,NA
2026-08-03,"ABC News",3,0,1,2,0,33.33,-33.33,FALSE,NA,NA,NA,NA,NA,NA
2026-08-10,"ABC News",21,2,6,13,9.52,28.57,-19.05,FALSE,NA,NA,NA,NA,NA,NA
2026-08-17,"ABC News",207,10,41,156,4.83,19.81,-14.98,TRUE,-11.65,-15.16,-8.14,17.28,14.21,20.34
2026-08-24,"ABC News",115,17,31,67,14.78,26.96,-12.18,TRUE,-12.11,-15.09,-9.14,17.81,15.2,20.41
2026-08-31,"ABC News",97,4,21,72,4.12,21.65,-17.53,TRUE,-12.52,-15.08,-9.97,18.28,16.04,20.52
2026-09-07,"ABC News",136,6,16,114,4.41,11.76,-7.35,TRUE,-12.88,-15.13,-10.62,18.69,16.72,20.67
2024-12-30,"Bloomberg",117,9,25,83,7.69,21.37,-13.68,TRUE,-10.23,-17.08,-3.37,21.64,17.12,26.17
2025-01-06,"Bloomberg",342,39,90,213,11.4,26.32,-14.92,TRUE,-10.59,-16.46,-4.73,21.91,18.03,25.78
2025-01-13,"Bloomberg",409,63,83,263,15.4,20.29,-4.89,TRUE,-10.93,-15.95,-5.9,22.14,18.83,25.46
2025-01-20,"Bloomberg",749,103,146,500,13.75,19.49,-5.74,TRUE,-11.23,-15.57,-6.89,22.35,19.49,25.22
2025-01-27,"Bloomberg",483,45,125,313,9.32,25.88,-16.56,TRUE,-11.52,-15.35,-7.68,22.54,20.01,25.08
2025-02-03,"Bloomberg",673,53,172,448,7.88,25.56,-17.68,TRUE,-11.78,-15.27,-8.28,22.72,20.41,25.02
2025-02-10,"Bloomberg",561,68,119,374,12.12,21.21,-9.09,TRUE,-12.01,-15.32,-8.7,22.86,20.68,25.04
2025-02-17,"Bloomberg",447,40,89,318,8.95,19.91,-10.96,TRUE,-12.21,-15.45,-8.97,22.98,20.84,25.12
2025-02-24,"Bloomberg",59,12,8,39,20.34,13.56,6.78,TRUE,-12.37,-15.64,-9.1,23.06,20.9,25.22
2025-03-03,"Bloomberg",598,48,149,401,8.03,24.92,-16.89,TRUE,-12.5,-15.83,-9.17,23.11,20.91,25.31
2025-03-10,"Bloomberg",318,24,80,214,7.55,25.16,-17.61,TRUE,-12.6,-16.01,-9.2,23.13,20.88,25.37
2025-03-17,"Bloomberg",482,41,84,357,8.51,17.43,-8.92,TRUE,-12.67,-16.14,-9.2,23.11,20.82,25.4
2025-03-24,"Bloomberg",504,47,105,352,9.33,20.83,-11.5,TRUE,-12.7,-16.23,-9.17,23.08,20.74,25.41
2025-03-31,"Bloomberg",156,12,55,89,7.69,35.26,-27.57,TRUE,-12.75,-16.31,-9.18,23.05,20.7,25.4
2025-04-07,"Bloomberg",744,91,215,438,12.23,28.9,-16.67,TRUE,-12.82,-16.43,-9.21,23.04,20.66,25.42
2025-04-14,"Bloomberg",475,54,97,324,11.37,20.42,-9.05,TRUE,-12.85,-16.56,-9.14,23.01,20.56,25.45
2025-04-21,"Bloomberg",527,55,143,329,10.44,27.13,-16.69,TRUE,-12.78,-16.55,-9,22.89,20.4,25.39
2025-04-28,"Bloomberg",475,56,95,324,11.79,20,-8.21,TRUE,-12.49,-16.2,-8.79,22.64,20.19,25.09
2025-05-05,"Bloomberg",537,52,99,386,9.68,18.44,-8.76,TRUE,-12.01,-15.62,-8.41,22.25,19.87,24.63
2025-05-12,"Bloomberg",515,59,109,347,11.46,21.17,-9.71,TRUE,-11.45,-15.06,-7.85,21.81,19.43,24.19
2025-05-19,"Bloomberg",400,43,101,256,10.75,25.25,-14.5,TRUE,-10.92,-14.62,-7.21,21.37,18.93,23.82
2025-05-26,"Bloomberg",459,41,82,336,8.93,17.86,-8.93,TRUE,-10.52,-14.3,-6.74,21.02,18.53,23.52
2025-06-02,"Bloomberg",510,49,86,375,9.61,16.86,-7.25,TRUE,-10.16,-13.87,-6.45,20.69,18.24,23.13
2025-06-09,"Bloomberg",442,48,79,315,10.86,17.87,-7.01,TRUE,-9.73,-13.38,-6.09,20.28,17.88,22.69
2025-06-16,"Bloomberg",411,31,85,295,7.54,20.68,-13.14,TRUE,-9.35,-13.05,-5.64,19.9,17.45,22.35
2025-06-23,"Bloomberg",430,45,92,293,10.47,21.4,-10.93,TRUE,-9.1,-12.88,-5.33,19.61,17.12,22.1
2025-06-30,"Bloomberg",395,52,75,268,13.16,18.99,-5.83,TRUE,-9.11,-12.82,-5.41,19.5,17.05,21.94
2025-07-07,"Bloomberg",532,50,106,376,9.4,19.92,-10.52,TRUE,-9.32,-12.97,-5.67,19.52,17.11,21.93
2025-07-14,"Bloomberg",483,60,114,309,12.42,23.6,-11.18,TRUE,-9.56,-13.27,-5.85,19.56,17.12,22.01
2025-07-21,"Bloomberg",439,57,83,299,12.98,18.91,-5.93,TRUE,-9.66,-13.43,-5.88,19.52,17.03,22.02
2025-07-28,"Bloomberg",469,42,108,319,8.96,23.03,-14.07,TRUE,-9.66,-13.37,-5.95,19.38,16.93,21.83
2025-08-04,"Bloomberg",474,28,92,354,5.91,19.41,-13.5,TRUE,-9.7,-13.35,-6.05,19.23,16.82,21.63
2025-08-11,"Bloomberg",459,44,67,348,9.59,14.6,-5.01,TRUE,-9.72,-13.43,-6.01,19.07,16.62,21.52
2025-08-18,"Bloomberg",417,60,54,303,14.39,12.95,1.44,TRUE,-9.7,-13.47,-5.92,18.94,16.45,21.44
2025-08-25,"Bloomberg",398,24,79,295,6.03,19.85,-13.82,TRUE,-9.6,-13.31,-5.9,18.83,16.38,21.27
2025-09-01,"Bloomberg",348,25,79,244,7.18,22.7,-15.52,TRUE,-9.47,-13.07,-5.86,18.69,16.32,21.07
2025-09-08,"Bloomberg",284,19,69,196,6.69,24.3,-17.61,TRUE,-9.32,-12.92,-5.72,18.56,16.18,20.94
2025-09-15,"Bloomberg",406,37,58,311,9.11,14.29,-5.18,TRUE,-9.19,-12.89,-5.48,18.44,16,20.89
2025-09-22,"Bloomberg",435,26,69,340,5.98,15.86,-9.88,TRUE,-9.09,-12.87,-5.32,18.35,15.85,20.84
2025-09-29,"Bloomberg",354,47,63,244,13.28,17.8,-4.52,TRUE,-9.07,-12.78,-5.37,18.31,15.86,20.75
2025-10-06,"Bloomberg",345,32,72,241,9.28,20.87,-11.59,TRUE,-9.09,-12.72,-5.47,18.31,15.92,20.7
2025-10-13,"Bloomberg",423,36,62,325,8.51,14.66,-6.15,TRUE,-9.09,-12.74,-5.44,18.31,15.91,20.72
2025-10-20,"Bloomberg",396,49,65,282,12.37,16.41,-4.04,TRUE,-9.01,-12.7,-5.32,18.27,15.84,20.71
2025-10-27,"Bloomberg",386,57,82,247,14.77,21.24,-6.47,TRUE,-8.73,-12.34,-5.12,18.1,15.71,20.48
2025-11-03,"Bloomberg",266,26,64,176,9.77,24.06,-14.29,TRUE,-8.28,-11.8,-4.76,17.81,15.49,20.14
2025-11-10,"Bloomberg",280,24,41,215,8.57,14.64,-6.07,TRUE,-7.86,-11.4,-4.32,17.57,15.23,19.91
2025-11-17,"Bloomberg",340,24,69,247,7.06,20.29,-13.23,TRUE,-7.65,-11.24,-4.06,17.5,15.13,19.87
2025-11-24,"Bloomberg",250,19,36,195,7.6,14.4,-6.8,TRUE,-7.58,-11.15,-4.01,17.58,15.22,19.93
2025-12-01,"Bloomberg",271,14,53,204,5.17,19.56,-14.39,TRUE,-7.51,-11.05,-3.97,17.68,15.35,20.02
2025-12-08,"Bloomberg",314,42,62,210,13.38,19.75,-6.37,TRUE,-7.52,-11.03,-4,17.85,15.53,20.16
2025-12-15,"Bloomberg",293,25,49,219,8.53,16.72,-8.19,TRUE,-7.68,-11.15,-4.21,18.08,15.79,20.37
2025-12-22,"Bloomberg",175,12,26,137,6.86,14.86,-8,TRUE,-7.97,-11.37,-4.57,18.38,16.14,20.62
2025-12-29,"Bloomberg",60,9,7,44,15,11.67,3.33,TRUE,-8.32,-11.66,-4.98,18.72,16.51,20.93
2026-01-05,"Bloomberg",458,57,84,317,12.45,18.34,-5.89,TRUE,-8.75,-12.05,-5.44,19.11,16.93,21.3
2026-01-12,"Bloomberg",453,45,86,322,9.93,18.98,-9.05,TRUE,-9.27,-12.58,-5.96,19.57,17.38,21.76
2026-01-19,"Bloomberg",1,0,0,1,0,0,0,FALSE,NA,NA,NA,NA,NA,NA
2026-01-26,"Bloomberg",359,41,76,242,11.42,21.17,-9.75,TRUE,-10.84,-14.66,-7.02,20.98,18.46,23.5
2026-02-02,"Bloomberg",30,7,8,15,23.33,26.67,-3.34,TRUE,-11.34,-15.44,-7.24,21.43,18.73,24.14
2026-02-09,"Bloomberg",234,15,58,161,6.41,24.79,-18.38,TRUE,-11.85,-16.25,-7.45,21.9,19,24.8
2026-02-16,"Bloomberg",67,4,12,51,5.97,17.91,-11.94,TRUE,-12.34,-17.04,-7.64,22.35,19.25,25.45
2026-02-23,"Bloomberg",105,4,31,70,3.81,29.52,-25.71,TRUE,-12.77,-17.76,-7.78,22.76,19.46,26.05
2026-03-02,"Bloomberg",98,10,20,68,10.2,20.41,-10.21,TRUE,-10.74,-15.35,-6.12,23.67,20.62,26.72
2026-05-11,"Bloomberg",9,0,1,8,0,11.11,-11.11,FALSE,NA,NA,NA,NA,NA,NA
2026-05-18,"Bloomberg",7,3,2,2,42.86,28.57,14.29,FALSE,NA,NA,NA,NA,NA,NA
2026-05-25,"Bloomberg",1,0,1,0,0,100,-100,FALSE,NA,NA,NA,NA,NA,NA
2026-06-01,"Bloomberg",12,2,3,7,16.67,25,-8.33,FALSE,NA,NA,NA,NA,NA,NA
2026-06-08,"Bloomberg",6,0,2,4,0,33.33,-33.33,FALSE,NA,NA,NA,NA,NA,NA
2026-06-15,"Bloomberg",25,3,5,17,12,20,-8,FALSE,NA,NA,NA,NA,NA,NA
2026-06-22,"Bloomberg",12,1,3,8,8.33,25,-16.67,FALSE,NA,NA,NA,NA,NA,NA
2026-07-13,"Bloomberg",12,1,3,8,8.33,25,-16.67,FALSE,NA,NA,NA,NA,NA,NA
2026-07-20,"Bloomberg",28,2,5,21,7.14,17.86,-10.72,FALSE,NA,NA,NA,NA,NA,NA
2026-07-27,"Bloomberg",19,5,4,10,26.32,21.05,5.27,FALSE,NA,NA,NA,NA,NA,NA
2026-08-03,"Bloomberg",104,20,18,66,19.23,17.31,1.92,TRUE,-11.78,-15.27,-8.28,22.72,20.41,25.02
2026-08-10,"Bloomberg",65,4,21,40,6.15,32.31,-26.16,TRUE,-12.01,-15.32,-8.7,22.86,20.68,25.04
2026-08-17,"Bloomberg",165,28,33,104,16.97,20,-3.03,TRUE,-12.21,-15.45,-8.97,22.98,20.84,25.12
2026-08-24,"Bloomberg",106,11,26,69,10.38,24.53,-14.15,TRUE,-12.37,-15.64,-9.1,23.06,20.9,25.22
2026-08-31,"Bloomberg",143,16,36,91,11.19,25.17,-13.98,TRUE,-12.5,-15.83,-9.17,23.11,20.91,25.31
2026-09-07,"Bloomberg",165,29,32,104,17.58,19.39,-1.81,TRUE,-12.6,-16.01,-9.2,23.13,20.88,25.37
2024-12-30,"CBS News",113,3,18,92,2.65,15.93,-13.28,TRUE,-11.49,-14.15,-8.84,14.8,12.23,17.36
2025-01-06,"CBS News",230,10,34,186,4.35,14.78,-10.43,TRUE,-11.79,-14.15,-9.42,15.16,12.88,17.45
2025-01-13,"CBS News",324,16,34,274,4.94,10.49,-5.55,TRUE,-12.06,-14.16,-9.95,15.5,13.47,17.53
2025-01-20,"CBS News",815,26,94,695,3.19,11.53,-8.34,TRUE,-12.3,-14.17,-10.42,15.81,14,17.62
2025-01-27,"CBS News",497,13,83,401,2.62,16.7,-14.08,TRUE,-12.5,-14.18,-10.82,16.07,14.45,17.7
2025-02-03,"CBS News",464,17,94,353,3.66,20.26,-16.6,TRUE,-12.65,-14.18,-11.13,16.29,14.82,17.76
2025-02-10,"CBS News",401,15,73,313,3.74,18.2,-14.46,TRUE,-12.76,-14.17,-11.36,16.46,15.1,17.81
2025-02-17,"CBS News",410,18,68,324,4.39,16.59,-12.2,TRUE,-12.84,-14.16,-11.52,16.58,15.31,17.85
2025-02-24,"CBS News",468,21,80,367,4.49,17.09,-12.6,TRUE,-12.88,-14.15,-11.62,16.67,15.45,17.89
2025-03-03,"CBS News",638,17,102,519,2.66,15.99,-13.33,TRUE,-12.9,-14.14,-11.66,16.73,15.54,17.93
2025-03-10,"CBS News",424,12,83,329,2.83,19.58,-16.75,TRUE,-12.89,-14.13,-11.66,16.76,15.57,17.95
2025-03-17,"CBS News",351,11,63,277,3.13,17.95,-14.82,TRUE,-12.87,-14.12,-11.63,16.77,15.57,17.98
2025-03-24,"CBS News",307,9,56,242,2.93,18.24,-15.31,TRUE,-12.82,-14.08,-11.56,16.74,15.52,17.96
2025-03-31,"CBS News",569,13,136,420,2.28,23.9,-21.62,TRUE,-12.72,-14,-11.43,16.66,15.42,17.9
2025-04-07,"CBS News",494,31,78,385,6.28,15.79,-9.51,TRUE,-12.58,-13.88,-11.28,16.54,15.29,17.8
2025-04-14,"CBS News",318,9,54,255,2.83,16.98,-14.15,TRUE,-12.42,-13.75,-11.1,16.4,15.12,17.67
2025-04-21,"CBS News",261,9,52,200,3.45,19.92,-16.47,TRUE,-12.26,-13.6,-10.92,16.23,14.94,17.52
2025-04-28,"CBS News",544,20,75,449,3.68,13.79,-10.11,TRUE,-12.1,-13.45,-10.75,16.07,14.77,17.37
2025-05-05,"CBS News",375,23,55,297,6.13,14.67,-8.54,TRUE,-11.85,-13.21,-10.5,15.81,14.51,17.12
2025-05-12,"CBS News",318,12,50,256,3.77,15.72,-11.95,TRUE,-11.47,-12.83,-10.11,15.42,14.11,16.73
2025-05-19,"CBS News",486,25,65,396,5.14,13.37,-8.23,TRUE,-11.03,-12.4,-9.65,14.97,13.65,16.3
2025-05-26,"CBS News",332,13,49,270,3.92,14.76,-10.84,TRUE,-10.61,-12.02,-9.21,14.54,13.19,15.9
2025-06-02,"CBS News",500,21,62,417,4.2,12.4,-8.2,TRUE,-10.31,-11.73,-8.9,14.21,12.85,15.58
2025-06-09,"CBS News",523,16,55,452,3.06,10.52,-7.46,TRUE,-10.11,-11.51,-8.71,13.94,12.58,15.29
2025-06-16,"CBS News",379,13,46,320,3.43,12.14,-8.71,TRUE,-9.91,-11.29,-8.54,13.63,12.3,14.96
2025-06-23,"CBS News",320,18,45,257,5.62,14.06,-8.44,TRUE,-9.74,-11.1,-8.38,13.32,12,14.63
2025-06-30,"CBS News",362,17,51,294,4.7,14.09,-9.39,TRUE,-9.57,-10.95,-8.2,13.02,11.69,14.34
2025-07-07,"CBS News",337,8,41,288,2.37,12.17,-9.8,TRUE,-9.43,-10.83,-8.02,12.76,11.4,14.11
2025-07-14,"CBS News",315,9,49,257,2.86,15.56,-12.7,TRUE,-9.29,-10.71,-7.87,12.55,11.18,13.92
2025-07-21,"CBS News",274,11,36,227,4.01,13.14,-9.13,TRUE,-9.23,-10.63,-7.83,12.43,11.08,13.79
2025-07-28,"CBS News",528,9,62,457,1.7,11.74,-10.04,TRUE,-9.27,-10.65,-7.89,12.38,11.05,13.72
2025-08-04,"CBS News",261,8,39,214,3.07,14.94,-11.87,TRUE,-9.35,-10.73,-7.97,12.37,11.04,13.71
2025-08-11,"CBS News",766,14,63,689,1.83,8.22,-6.39,TRUE,-9.41,-10.82,-8.01,12.36,11.01,13.72
2025-08-18,"CBS News",428,13,43,372,3.04,10.05,-7.01,TRUE,-9.4,-10.82,-7.98,12.32,10.95,13.69
2025-08-25,"CBS News",298,6,40,252,2.01,13.42,-11.41,TRUE,-9.33,-10.73,-7.93,12.27,10.92,13.62
2025-09-01,"CBS News",289,5,43,241,1.73,14.88,-13.15,TRUE,-9.26,-10.64,-7.89,12.26,10.93,13.58
2025-09-08,"CBS News",330,9,30,291,2.73,9.09,-6.36,TRUE,-9.19,-10.55,-7.83,12.26,10.95,13.58
2025-09-15,"CBS News",372,11,47,314,2.96,12.63,-9.67,TRUE,-9.11,-10.49,-7.74,12.27,10.95,13.6
2025-09-22,"CBS News",468,8,51,409,1.71,10.9,-9.19,TRUE,-9.03,-10.43,-7.63,12.27,10.92,13.62
2025-09-29,"CBS News",308,15,56,237,4.87,18.18,-13.31,TRUE,-8.93,-10.34,-7.51,12.23,10.87,13.6
2025-10-06,"CBS News",331,19,44,268,5.74,13.29,-7.55,TRUE,-8.75,-10.16,-7.35,12.16,10.8,13.51
2025-10-13,"CBS News",592,16,54,522,2.7,9.12,-6.42,TRUE,-8.5,-9.88,-7.12,12.05,10.72,13.38
2025-10-20,"CBS News",320,12,35,273,3.75,10.94,-7.19,TRUE,-8.22,-9.6,-6.84,11.93,10.6,13.27
2025-10-27,"CBS News",337,14,44,279,4.15,13.06,-8.91,TRUE,-7.98,-9.38,-6.58,11.84,10.49,13.19
2025-11-03,"CBS News",451,28,58,365,6.21,12.86,-6.65,TRUE,-7.83,-9.25,-6.42,11.79,10.42,13.16
2025-11-10,"CBS News",571,14,56,501,2.45,9.81,-7.36,TRUE,-7.77,-9.17,-6.36,11.77,10.42,13.12
2025-11-17,"CBS News",692,19,62,611,2.75,8.96,-6.21,TRUE,-7.72,-9.09,-6.34,11.76,10.43,13.08
2025-11-24,"CBS News",218,7,34,177,3.21,15.6,-12.39,TRUE,-7.68,-9.04,-6.32,11.75,10.43,13.06
2025-12-01,"CBS News",291,19,41,231,6.53,14.09,-7.56,TRUE,-7.66,-9.03,-6.28,11.75,10.42,13.07
2025-12-08,"CBS News",314,18,52,244,5.73,16.56,-10.83,TRUE,-7.64,-9.05,-6.24,11.76,10.41,13.11
2025-12-15,"CBS News",396,12,39,345,3.03,9.85,-6.82,TRUE,-7.64,-9.05,-6.22,11.78,10.42,13.15
2025-12-22,"CBS News",537,16,26,495,2.98,4.84,-1.86,TRUE,-7.68,-9.08,-6.27,11.84,10.49,13.2
2025-12-29,"CBS News",234,15,26,193,6.41,11.11,-4.7,TRUE,-7.78,-9.16,-6.4,11.94,10.61,13.27
2026-01-05,"CBS News",415,22,45,348,5.3,10.84,-5.54,TRUE,-7.9,-9.28,-6.52,12.05,10.72,13.38
2026-01-12,"CBS News",1098,34,79,985,3.1,7.19,-4.09,TRUE,-8.01,-9.41,-6.61,12.15,10.8,13.51
2026-01-19,"CBS News",346,15,48,283,4.34,13.87,-9.53,TRUE,-8.07,-9.49,-6.65,12.22,10.85,13.59
2026-01-26,"CBS News",346,10,43,293,2.89,12.43,-9.54,TRUE,-8.12,-9.52,-6.72,12.29,10.94,13.64
2026-02-02,"CBS News",314,9,50,255,2.87,15.92,-13.05,TRUE,-8.21,-9.59,-6.84,12.39,11.06,13.72
2026-02-09,"CBS News",294,7,42,245,2.38,14.29,-11.91,TRUE,-8.32,-9.68,-6.96,12.51,11.19,13.82
2026-02-16,"CBS News",225,7,36,182,3.11,16,-12.89,TRUE,-8.42,-9.8,-7.05,12.62,11.29,13.95
2026-02-23,"CBS News",509,27,54,428,5.3,10.61,-5.31,TRUE,-8.5,-9.9,-7.1,12.71,11.36,14.07
2026-03-02,"CBS News",476,21,69,386,4.41,14.5,-10.09,TRUE,-8.52,-9.94,-7.1,12.77,11.4,14.14
2026-03-09,"CBS News",813,30,79,704,3.69,9.72,-6.03,TRUE,-8.5,-9.9,-7.09,12.8,11.45,14.16
2026-03-16,"CBS News",368,28,50,290,7.61,13.59,-5.98,TRUE,-8.46,-9.84,-7.07,12.84,11.51,14.18
2026-03-23,"CBS News",362,18,54,290,4.97,14.92,-9.95,TRUE,-8.4,-9.78,-7.02,12.88,11.55,14.21
2026-03-30,"CBS News",369,11,52,306,2.98,14.09,-11.11,TRUE,-8.34,-9.74,-6.94,12.9,11.55,14.25
2026-04-06,"CBS News",337,25,50,262,7.42,14.84,-7.42,TRUE,-8.27,-9.69,-6.86,12.9,11.53,14.27
2026-04-13,"CBS News",558,23,50,485,4.12,8.96,-4.84,TRUE,-8.19,-9.59,-6.78,12.87,11.51,14.22
2026-04-20,"CBS News",337,16,47,274,4.75,13.95,-9.2,TRUE,-8.07,-9.45,-6.7,12.79,11.46,14.12
2026-04-27,"CBS News",404,15,41,348,3.71,10.15,-6.44,TRUE,-7.94,-9.3,-6.58,12.7,11.39,14.01
2026-05-04,"CBS News",543,19,53,471,3.5,9.76,-6.26,TRUE,-7.81,-9.16,-6.45,12.6,11.3,13.91
2026-05-11,"CBS News",644,16,68,560,2.48,10.56,-8.08,TRUE,-7.67,-9.02,-6.32,12.52,11.22,13.82
2026-05-18,"CBS News",318,16,56,246,5.03,17.61,-12.58,TRUE,-7.55,-8.89,-6.21,12.46,11.17,13.76
2026-05-25,"CBS News",298,23,31,244,7.72,10.4,-2.68,TRUE,-7.43,-8.75,-6.11,12.42,11.14,13.69
2026-06-01,"CBS News",296,20,46,230,6.76,15.54,-8.78,TRUE,-7.3,-8.6,-6,12.36,11.11,13.62
2026-06-08,"CBS News",289,16,35,238,5.54,12.11,-6.57,TRUE,-7.16,-8.44,-5.88,12.31,11.07,13.54
2026-06-15,"CBS News",563,22,55,486,3.91,9.77,-5.86,TRUE,-7.02,-8.28,-5.75,12.25,11.03,13.47
2026-06-22,"CBS News",567,40,65,462,7.05,11.46,-4.41,TRUE,-6.87,-8.12,-5.63,12.2,11,13.4
2026-06-29,"CBS News",367,23,48,296,6.27,13.08,-6.81,TRUE,-6.73,-7.96,-5.49,12.16,10.97,13.35
2026-07-06,"CBS News",300,11,25,264,3.67,8.33,-4.66,TRUE,-6.57,-7.81,-5.33,12.11,10.92,13.31
2026-07-13,"CBS News",278,10,40,228,3.6,14.39,-10.79,TRUE,-6.41,-7.68,-5.15,12.07,10.85,13.29
2026-07-20,"CBS News",277,12,34,231,4.33,12.27,-7.94,TRUE,-6.25,-7.57,-4.93,12.02,10.75,13.29
2026-07-27,"CBS News",267,9,25,233,3.37,9.36,-5.99,TRUE,-6.08,-7.48,-4.67,11.98,10.62,13.33
2026-08-03,"CBS News",263,24,39,200,9.13,14.83,-5.7,TRUE,-5.91,-7.43,-4.38,11.93,10.46,13.41
2026-08-10,"CBS News",236,9,24,203,3.81,10.17,-6.36,TRUE,-5.73,-7.41,-4.05,11.9,10.28,13.52
2026-08-17,"CBS News",248,18,27,203,7.26,10.89,-3.63,TRUE,-5.55,-7.43,-3.68,11.87,10.06,13.68
2026-08-24,"CBS News",268,21,43,204,7.84,16.04,-8.2,TRUE,-5.37,-7.48,-3.27,11.84,9.81,13.87
2026-08-31,"CBS News",216,15,23,178,6.94,10.65,-3.71,TRUE,-5.19,-7.55,-2.82,11.82,9.53,14.1
2026-09-07,"CBS News",237,17,27,193,7.17,11.39,-4.22,TRUE,-4.99,-7.65,-2.34,11.79,9.23,14.35
2024-12-30,"CNN",137,7,21,109,5.11,15.33,-10.22,TRUE,-11.76,-15.28,-8.25,16.78,13.73,19.84
2025-01-06,"CNN",305,17,55,233,5.57,18.03,-12.46,TRUE,-12.7,-15.83,-9.57,17.66,14.94,20.38
2025-01-13,"CNN",352,18,52,282,5.11,14.77,-9.66,TRUE,-13.58,-16.36,-10.8,18.49,16.08,20.91
2025-01-20,"CNN",399,22,56,321,5.51,14.04,-8.53,TRUE,-14.4,-16.88,-11.92,19.27,17.11,21.42
2025-01-27,"CNN",327,12,72,243,3.67,22.02,-18.35,TRUE,-15.15,-17.38,-12.93,19.98,18.05,21.92
2025-02-03,"CNN",384,13,83,288,3.39,21.61,-18.22,TRUE,-15.83,-17.84,-13.81,20.63,18.87,22.38
2025-02-10,"CNN",385,23,86,276,5.97,22.34,-16.37,TRUE,-16.42,-18.27,-14.56,21.2,19.58,22.81
2025-02-17,"CNN",351,23,82,246,6.55,23.36,-16.81,TRUE,-16.94,-18.68,-15.19,21.71,20.19,23.23
2025-02-24,"CNN",375,20,92,263,5.33,24.53,-19.2,TRUE,-17.4,-19.07,-15.72,22.17,20.71,23.62
2025-03-03,"CNN",419,20,106,293,4.77,25.3,-20.53,TRUE,-17.8,-19.44,-16.16,22.57,21.15,23.99
2025-03-10,"CNN",403,16,109,278,3.97,27.05,-23.08,TRUE,-18.16,-19.79,-16.53,22.93,21.51,24.35
2025-03-17,"CNN",377,12,90,275,3.18,23.87,-20.69,TRUE,-18.47,-20.12,-16.83,23.25,21.82,24.68
2025-03-24,"CNN",412,16,99,297,3.88,24.03,-20.15,TRUE,-18.72,-20.39,-17.05,23.51,22.06,24.96
2025-03-31,"CNN",397,17,115,265,4.28,28.97,-24.69,TRUE,-18.88,-20.58,-17.18,23.69,22.22,25.17
2025-04-07,"CNN",357,18,101,238,5.04,28.29,-23.25,TRUE,-18.97,-20.7,-17.25,23.81,22.32,25.31
2025-04-14,"CNN",345,9,78,258,2.61,22.61,-20,TRUE,-19.02,-20.77,-17.27,23.89,22.37,25.41
2025-04-21,"CNN",340,11,79,250,3.24,23.24,-20,TRUE,-19.04,-20.81,-17.27,23.94,22.4,25.48
2025-04-28,"CNN",384,19,95,270,4.95,24.74,-19.79,TRUE,-19.05,-20.84,-17.26,23.97,22.42,25.52
2025-05-05,"CNN",350,16,68,266,4.57,19.43,-14.86,TRUE,-18.93,-20.73,-17.14,23.89,22.33,25.44
2025-05-12,"CNN",338,24,64,250,7.1,18.93,-11.83,TRUE,-18.61,-20.41,-16.81,23.63,22.07,25.19
2025-05-19,"CNN",325,18,84,223,5.54,25.85,-20.31,TRUE,-18.19,-20.01,-16.38,23.29,21.71,24.87
2025-05-26,"CNN",307,10,78,219,3.26,25.41,-22.15,TRUE,-17.8,-19.66,-15.95,22.97,21.36,24.58
2025-06-02,"CNN",344,13,79,252,3.78,22.97,-19.19,TRUE,-17.54,-19.42,-15.67,22.74,21.11,24.37
2025-06-09,"CNN",318,14,56,248,4.4,17.61,-13.21,TRUE,-17.37,-19.22,-15.51,22.57,20.96,24.18
2025-06-16,"CNN",361,24,76,261,6.65,21.05,-14.4,TRUE,-17.17,-18.98,-15.35,22.35,20.77,23.93
2025-06-23,"CNN",331,28,75,228,8.46,22.66,-14.2,TRUE,-16.95,-18.76,-15.15,22.12,20.56,23.69
2025-06-30,"CNN",247,21,53,173,8.5,21.46,-12.96,TRUE,-16.75,-18.57,-14.93,21.89,20.31,23.47
2025-07-07,"CNN",307,15,57,235,4.89,18.57,-13.68,TRUE,-16.57,-18.42,-14.71,21.69,20.08,23.3
2025-07-14,"CNN",292,18,73,201,6.16,25,-18.84,TRUE,-16.42,-18.3,-14.55,21.53,19.9,23.15
2025-07-21,"CNN",311,17,65,229,5.47,20.9,-15.43,TRUE,-16.34,-18.19,-14.48,21.41,19.8,23.02
2025-07-28,"CNN",292,16,83,193,5.48,28.42,-22.94,TRUE,-16.3,-18.13,-14.47,21.31,19.72,22.9
2025-08-04,"CNN",296,7,59,230,2.36,19.93,-17.57,TRUE,-16.29,-18.12,-14.47,21.23,19.64,22.82
2025-08-11,"CNN",285,7,70,208,2.46,24.56,-22.1,TRUE,-16.29,-18.15,-14.44,21.16,19.55,22.77
2025-08-18,"CNN",319,14,54,251,4.39,16.93,-12.54,TRUE,-16.28,-18.16,-14.41,21.09,19.46,22.72
2025-08-25,"CNN",315,10,61,244,3.17,19.37,-16.2,TRUE,-16.27,-18.13,-14.42,21.03,19.42,22.64
2025-09-01,"CNN",326,18,58,250,5.52,17.79,-12.27,TRUE,-16.29,-18.11,-14.47,20.98,19.4,22.56
2025-09-08,"CNN",313,10,85,218,3.19,27.16,-23.97,TRUE,-16.32,-18.12,-14.51,20.94,19.37,22.5
2025-09-15,"CNN",336,12,64,260,3.57,19.05,-15.48,TRUE,-16.35,-18.17,-14.53,20.9,19.32,22.48
2025-09-22,"CNN",354,7,66,281,1.98,18.64,-16.66,TRUE,-16.38,-18.23,-14.53,20.86,19.25,22.47
2025-09-29,"CNN",290,20,67,203,6.9,23.1,-16.2,TRUE,-16.4,-18.28,-14.53,20.83,19.2,22.45
2025-10-06,"CNN",345,20,61,264,5.8,17.68,-11.88,TRUE,-16.4,-18.25,-14.54,20.79,19.18,22.4
2025-10-13,"CNN",338,18,60,260,5.33,17.75,-12.42,TRUE,-16.37,-18.19,-14.54,20.74,19.16,22.33
2025-10-20,"CNN",338,20,76,242,5.92,22.49,-16.57,TRUE,-16.33,-18.15,-14.5,20.7,19.12,22.29
2025-10-27,"CNN",431,27,80,324,6.26,18.56,-12.3,TRUE,-16.3,-18.16,-14.45,20.67,19.06,22.28
2025-11-03,"CNN",398,23,90,285,5.78,22.61,-16.83,TRUE,-16.31,-18.19,-14.44,20.66,19.03,22.29
2025-11-10,"CNN",359,7,81,271,1.95,22.56,-20.61,TRUE,-16.36,-18.21,-14.51,20.66,19.05,22.27
2025-11-17,"CNN",387,17,81,289,4.39,20.93,-16.54,TRUE,-16.43,-18.25,-14.62,20.66,19.08,22.24
2025-11-24,"CNN",248,5,58,185,2.02,23.39,-21.37,TRUE,-16.53,-18.33,-14.73,20.67,19.1,22.23
2025-12-01,"CNN",374,20,89,265,5.35,23.8,-18.45,TRUE,-16.64,-18.45,-14.82,20.69,19.11,22.27
2025-12-08,"CNN",390,20,83,287,5.13,21.28,-16.15,TRUE,-16.75,-18.6,-14.89,20.74,19.13,22.35
2025-12-15,"CNN",291,5,57,229,1.72,19.59,-17.87,TRUE,-16.86,-18.73,-14.98,20.82,19.19,22.45
2025-12-22,"CNN",168,7,32,129,4.17,19.05,-14.88,TRUE,-16.97,-18.83,-15.12,20.92,19.31,22.53
2025-12-29,"CNN",254,13,40,201,5.12,15.75,-10.63,TRUE,-17.1,-18.92,-15.27,21.04,19.45,22.62
2026-01-05,"CNN",428,12,102,314,2.8,23.83,-21.03,TRUE,-17.23,-19.05,-15.4,21.17,19.58,22.75
2026-01-12,"CNN",400,21,79,300,5.25,19.75,-14.5,TRUE,-17.37,-19.22,-15.51,21.31,19.7,22.92
2026-01-19,"CNN",435,12,91,332,2.76,20.92,-18.16,TRUE,-17.51,-19.38,-15.63,21.45,19.82,23.08
2026-01-26,"CNN",393,10,93,290,2.54,23.66,-21.12,TRUE,-17.65,-19.5,-15.8,21.61,20,23.22
2026-02-02,"CNN",338,12,87,239,3.55,25.74,-22.19,TRUE,-17.8,-19.61,-15.98,21.8,20.22,23.38
2026-02-09,"CNN",309,9,55,245,2.91,17.8,-14.89,TRUE,-17.94,-19.75,-16.14,22.01,20.44,23.57
2026-02-16,"CNN",290,9,55,226,3.1,18.97,-15.87,TRUE,-18.1,-19.92,-16.28,22.22,20.64,23.8
2026-02-23,"CNN",368,20,76,272,5.43,20.65,-15.22,TRUE,-18.26,-20.11,-16.4,22.44,20.83,24.05
2026-03-02,"CNN",349,17,68,264,4.87,19.48,-14.61,TRUE,-18.43,-20.3,-16.55,22.64,21.01,24.27
2026-03-09,"CNN",304,15,85,204,4.93,27.96,-23.03,TRUE,-18.66,-20.51,-16.81,22.91,21.3,24.52
2026-03-16,"CNN",367,13,90,264,3.54,24.52,-20.98,TRUE,-18.98,-20.8,-17.15,23.26,21.67,24.85
2026-03-23,"CNN",297,17,73,207,5.72,24.58,-18.86,TRUE,-19.32,-21.15,-17.49,23.64,22.05,25.23
2026-03-30,"CNN",293,18,80,195,6.14,27.3,-21.16,TRUE,-19.63,-21.48,-17.77,23.98,22.37,25.6
2026-04-06,"CNN",252,18,67,167,7.14,26.59,-19.45,TRUE,-19.84,-21.71,-17.96,24.24,22.61,25.86
2026-04-13,"CNN",323,21,79,223,6.5,24.46,-17.96,TRUE,-19.96,-21.82,-18.1,24.4,22.79,26.01
2026-04-20,"CNN",317,13,74,230,4.1,23.34,-19.24,TRUE,-20.06,-21.88,-18.23,24.54,22.95,26.12
2026-04-27,"CNN",332,10,64,258,3.01,19.28,-16.27,TRUE,-20.13,-21.93,-18.33,24.65,23.09,26.21
2026-05-04,"CNN",281,6,65,210,2.14,23.13,-20.99,TRUE,-20.2,-21.98,-18.41,24.76,23.21,26.31
2026-05-11,"CNN",331,7,83,241,2.11,25.08,-22.97,TRUE,-20.26,-22.05,-18.48,24.86,23.31,26.41
2026-05-18,"CNN",355,14,84,257,3.94,23.66,-19.72,TRUE,-20.34,-22.11,-18.57,24.98,23.44,26.52
2026-05-25,"CNN",263,5,81,177,1.9,30.8,-28.9,TRUE,-20.42,-22.17,-18.67,25.1,23.58,26.61
2026-06-01,"CNN",289,8,81,200,2.77,28.03,-25.26,TRUE,-20.5,-22.22,-18.78,25.2,23.7,26.7
2026-06-08,"CNN",321,18,76,227,5.61,23.68,-18.07,TRUE,-20.57,-22.26,-18.87,25.29,23.82,26.77
2026-06-15,"CNN",331,24,87,220,7.25,26.28,-19.03,TRUE,-20.62,-22.29,-18.95,25.38,23.93,26.83
2026-06-22,"CNN",325,23,97,205,7.08,29.85,-22.77,TRUE,-20.67,-22.31,-19.02,25.46,24.03,26.89
2026-06-29,"CNN",228,19,44,165,8.33,19.3,-10.97,TRUE,-20.7,-22.33,-19.07,25.53,24.12,26.95
2026-07-06,"CNN",310,11,85,214,3.55,27.42,-23.87,TRUE,-20.72,-22.36,-19.08,25.6,24.18,27.02
2026-07-13,"CNN",321,11,73,237,3.43,22.74,-19.31,TRUE,-20.73,-22.41,-19.06,25.65,24.2,27.11
2026-07-20,"CNN",262,16,52,194,6.11,19.85,-13.74,TRUE,-20.74,-22.48,-18.99,25.7,24.18,27.22
2026-07-27,"CNN",284,11,62,211,3.87,21.83,-17.96,TRUE,-20.73,-22.59,-18.87,25.74,24.13,27.35
2026-08-03,"CNN",266,13,75,178,4.89,28.2,-23.31,TRUE,-20.71,-22.73,-18.69,25.77,24.02,27.52
2026-08-10,"CNN",218,8,66,144,3.67,30.28,-26.61,TRUE,-20.68,-22.91,-18.46,25.8,23.87,27.73
2026-08-17,"CNN",299,17,71,211,5.69,23.75,-18.06,TRUE,-20.65,-23.13,-18.17,25.82,23.67,27.98
2026-08-24,"CNN",303,12,83,208,3.96,27.39,-23.43,TRUE,-20.61,-23.39,-17.82,25.84,23.42,28.25
2026-08-31,"CNN",238,15,76,147,6.3,31.93,-25.63,TRUE,-20.55,-23.68,-17.42,25.85,23.13,28.56
2026-09-07,"CNN",286,17,62,207,5.94,21.68,-15.74,TRUE,-20.49,-24.01,-16.98,25.85,22.79,28.9
2024-12-30,"Fox News",171,15,25,131,8.77,14.62,-5.85,TRUE,-2.58,-5.11,-0.05,13.34,11.33,15.35
2025-01-06,"Fox News",427,35,76,316,8.2,17.8,-9.6,TRUE,-3.18,-5.43,-0.93,13.72,11.94,15.51
2025-01-13,"Fox News",490,54,62,374,11.02,12.65,-1.63,TRUE,-3.75,-5.75,-1.75,14.09,12.5,15.68
2025-01-20,"Fox News",639,74,75,490,11.58,11.74,-0.16,TRUE,-4.29,-6.08,-2.5,14.43,13.01,15.85
2025-01-27,"Fox News",551,63,63,425,11.43,11.43,0,TRUE,-4.8,-6.4,-3.2,14.75,13.48,16.02
2025-02-03,"Fox News",641,65,97,479,10.14,15.13,-4.99,TRUE,-5.28,-6.73,-3.83,15.05,13.9,16.21
2025-02-10,"Fox News",576,74,88,414,12.85,15.28,-2.43,TRUE,-5.73,-7.07,-4.39,15.33,14.27,16.39
2025-02-17,"Fox News",546,67,87,392,12.27,15.93,-3.66,TRUE,-6.14,-7.4,-4.89,15.59,14.59,16.58
2025-02-24,"Fox News",556,45,79,432,8.09,14.21,-6.12,TRUE,-6.53,-7.73,-5.32,15.82,14.87,16.78
2025-03-03,"Fox News",557,46,87,424,8.26,15.62,-7.36,TRUE,-6.88,-8.06,-5.7,16.04,15.1,16.97
2025-03-10,"Fox News",492,38,87,367,7.72,17.68,-9.96,TRUE,-7.21,-8.38,-6.03,16.23,15.3,17.16
2025-03-17,"Fox News",537,49,93,395,9.12,17.32,-8.2,TRUE,-7.51,-8.7,-6.33,16.4,15.46,17.34
2025-03-24,"Fox News",535,37,89,409,6.92,16.64,-9.72,TRUE,-7.79,-8.99,-6.59,16.56,15.61,17.51
2025-03-31,"Fox News",538,44,101,393,8.18,18.77,-10.59,TRUE,-8.05,-9.27,-6.82,16.7,15.73,17.67
2025-04-07,"Fox News",452,51,82,319,11.28,18.14,-6.86,TRUE,-8.28,-9.52,-7.03,16.82,15.83,17.8
2025-04-14,"Fox News",461,25,83,353,5.42,18,-12.58,TRUE,-8.48,-9.73,-7.22,16.91,15.92,17.91
2025-04-21,"Fox News",454,27,74,353,5.95,16.3,-10.35,TRUE,-8.65,-9.92,-7.37,16.99,15.98,18
2025-04-28,"Fox News",508,36,74,398,7.09,14.57,-7.48,TRUE,-8.79,-10.08,-7.5,17.04,16.02,18.06
2025-05-05,"Fox News",461,41,66,354,8.89,14.32,-5.43,TRUE,-8.87,-10.16,-7.58,17.05,16.03,18.08
2025-05-12,"Fox News",410,39,73,298,9.51,17.8,-8.29,TRUE,-8.87,-10.17,-7.58,17.01,15.99,18.04
2025-05-19,"Fox News",396,38,77,281,9.6,19.44,-9.84,TRUE,-8.83,-10.14,-7.52,16.94,15.91,17.98
2025-05-26,"Fox News",401,27,62,312,6.73,15.46,-8.73,TRUE,-8.78,-10.11,-7.44,16.86,15.8,17.92
2025-06-02,"Fox News",488,32,88,368,6.56,18.03,-11.47,TRUE,-8.73,-10.08,-7.38,16.79,15.72,17.86
2025-06-09,"Fox News",507,32,86,389,6.31,16.96,-10.65,TRUE,-8.63,-9.97,-7.3,16.67,15.61,17.73
2025-06-16,"Fox News",421,39,80,302,9.26,19,-9.74,TRUE,-8.43,-9.74,-7.12,16.48,15.44,17.51
2025-06-23,"Fox News",452,44,82,326,9.73,18.14,-8.41,TRUE,-8.17,-9.47,-6.87,16.24,15.21,17.27
2025-06-30,"Fox News",384,43,51,290,11.2,13.28,-2.08,TRUE,-7.91,-9.22,-6.6,16.01,14.97,17.05
2025-07-07,"Fox News",425,39,78,308,9.18,18.35,-9.17,TRUE,-7.7,-9.03,-6.36,15.81,14.75,16.87
2025-07-14,"Fox News",404,29,60,315,7.18,14.85,-7.67,TRUE,-7.58,-8.93,-6.23,15.69,14.62,16.76
2025-07-21,"Fox News",416,26,60,330,6.25,14.42,-8.17,TRUE,-7.54,-8.87,-6.2,15.61,14.55,16.67
2025-07-28,"Fox News",391,34,56,301,8.7,14.32,-5.62,TRUE,-7.51,-8.82,-6.19,15.52,14.48,16.57
2025-08-04,"Fox News",375,22,53,300,5.87,14.13,-8.26,TRUE,-7.49,-8.8,-6.17,15.44,14.4,16.49
2025-08-11,"Fox News",445,47,63,335,10.56,14.16,-3.6,TRUE,-7.48,-8.81,-6.14,15.38,14.32,16.43
2025-08-18,"Fox News",417,35,68,314,8.39,16.31,-7.92,TRUE,-7.48,-8.83,-6.13,15.33,14.26,16.4
2025-08-25,"Fox News",355,26,50,279,7.32,14.08,-6.76,TRUE,-7.5,-8.83,-6.16,15.32,14.26,16.38
2025-09-01,"Fox News",381,34,62,285,8.92,16.27,-7.35,TRUE,-7.54,-8.85,-6.23,15.33,14.29,16.37
2025-09-08,"Fox News",445,29,52,364,6.52,11.69,-5.17,TRUE,-7.61,-8.9,-6.31,15.36,14.33,16.39
2025-09-15,"Fox News",396,20,55,321,5.05,13.89,-8.84,TRUE,-7.68,-8.99,-6.37,15.4,14.36,16.44
2025-09-22,"Fox News",397,23,68,306,5.79,17.13,-11.34,TRUE,-7.76,-9.09,-6.42,15.44,14.38,16.5
2025-09-29,"Fox News",365,25,71,269,6.85,19.45,-12.6,TRUE,-7.82,-9.17,-6.47,15.47,14.4,16.54
2025-10-06,"Fox News",407,41,66,300,10.07,16.22,-6.15,TRUE,-7.9,-9.24,-6.57,15.52,14.46,16.58
2025-10-13,"Fox News",450,38,69,343,8.44,15.33,-6.89,TRUE,-8.02,-9.34,-6.71,15.6,14.56,16.64
2025-10-20,"Fox News",423,33,56,334,7.8,13.24,-5.44,TRUE,-8.16,-9.47,-6.84,15.7,14.66,16.74
2025-10-27,"Fox News",403,31,69,303,7.69,17.12,-9.43,TRUE,-8.28,-9.62,-6.95,15.8,14.74,16.86
2025-11-03,"Fox News",395,34,73,288,8.61,18.48,-9.87,TRUE,-8.39,-9.74,-7.04,15.88,14.81,16.95
2025-11-10,"Fox News",371,20,61,290,5.39,16.44,-11.05,TRUE,-8.46,-9.8,-7.13,15.93,14.87,16.99
2025-11-17,"Fox News",435,32,75,328,7.36,17.24,-9.88,TRUE,-8.51,-9.81,-7.2,15.95,14.92,16.99
2025-11-24,"Fox News",292,30,43,219,10.27,14.73,-4.46,TRUE,-8.54,-9.84,-7.24,15.97,14.94,17
2025-12-01,"Fox News",428,31,65,332,7.24,15.19,-7.95,TRUE,-8.57,-9.88,-7.26,15.99,14.96,17.03
2025-12-08,"Fox News",413,26,72,315,6.3,17.43,-11.13,TRUE,-8.62,-9.96,-7.29,16.04,14.98,17.1
2025-12-15,"Fox News",384,36,55,293,9.38,14.32,-4.94,TRUE,-8.7,-10.05,-7.35,16.11,15.04,17.18
2025-12-22,"Fox News",222,16,35,171,7.21,15.77,-8.56,TRUE,-8.8,-10.13,-7.46,16.2,15.15,17.26
2025-12-29,"Fox News",265,20,37,208,7.55,13.96,-6.41,TRUE,-8.9,-10.21,-7.58,16.3,15.25,17.34
2026-01-05,"Fox News",508,31,86,391,6.1,16.93,-10.83,TRUE,-9,-10.31,-7.69,16.4,15.35,17.44
2026-01-12,"Fox News",500,29,73,398,5.8,14.6,-8.8,TRUE,-9.11,-10.45,-7.78,16.5,15.44,17.56
2026-01-19,"Fox News",483,38,84,361,7.87,17.39,-9.52,TRUE,-9.24,-10.59,-7.89,16.62,15.55,17.69
2026-01-26,"Fox News",506,34,96,376,6.72,18.97,-12.25,TRUE,-9.41,-10.75,-8.08,16.78,15.72,17.84
2026-02-02,"Fox News",427,23,70,334,5.39,16.39,-11,TRUE,-9.64,-10.95,-8.33,16.97,15.94,18.01
2026-02-09,"Fox News",368,20,64,284,5.43,17.39,-11.96,TRUE,-9.9,-11.2,-8.6,17.19,16.17,18.22
2026-02-16,"Fox News",362,26,64,272,7.18,17.68,-10.5,TRUE,-10.15,-11.46,-8.85,17.42,16.38,18.46
2026-02-23,"Fox News",477,40,79,358,8.39,16.56,-8.17,TRUE,-10.38,-11.71,-9.04,17.63,16.57,18.69
2026-03-02,"Fox News",351,40,55,256,11.4,15.67,-4.27,TRUE,-10.54,-11.89,-9.19,17.82,16.75,18.89
2026-03-09,"Fox News",292,32,61,199,10.96,20.89,-9.93,TRUE,-10.68,-12.02,-9.35,18.01,16.96,19.07
2026-03-16,"Fox News",319,25,56,238,7.84,17.55,-9.71,TRUE,-10.83,-12.14,-9.51,18.25,17.21,19.29
2026-03-23,"Fox News",353,29,68,256,8.22,19.26,-11.04,TRUE,-10.97,-12.29,-9.66,18.49,17.45,19.53
2026-03-30,"Fox News",315,15,49,251,4.76,15.56,-10.8,TRUE,-11.1,-12.43,-9.76,18.72,17.66,19.78
2026-04-06,"Fox News",325,24,81,220,7.38,24.92,-17.54,TRUE,-11.19,-12.54,-9.84,18.9,17.83,19.97
2026-04-13,"Fox News",312,19,62,231,6.09,19.87,-13.78,TRUE,-11.26,-12.6,-9.93,19.06,17.99,20.12
2026-04-20,"Fox News",380,23,81,276,6.05,21.32,-15.27,TRUE,-11.33,-12.64,-10.01,19.22,18.17,20.26
2026-04-27,"Fox News",387,23,50,314,5.94,12.92,-6.98,TRUE,-11.38,-12.67,-10.08,19.37,18.35,20.4
2026-05-04,"Fox News",313,18,61,234,5.75,19.49,-13.74,TRUE,-11.41,-12.7,-10.13,19.51,18.49,20.53
2026-05-11,"Fox News",284,30,50,204,10.56,17.61,-7.05,TRUE,-11.43,-12.71,-10.14,19.63,18.61,20.65
2026-05-18,"Fox News",286,29,59,198,10.14,20.63,-10.49,TRUE,-11.41,-12.69,-10.13,19.71,18.7,20.72
2026-05-25,"Fox News",231,21,52,158,9.09,22.51,-13.42,TRUE,-11.37,-12.63,-10.11,19.76,18.77,20.76
2026-06-01,"Fox News",236,19,44,173,8.05,18.64,-10.59,TRUE,-11.32,-12.56,-10.08,19.81,18.82,20.79
2026-06-08,"Fox News",206,17,35,154,8.25,16.99,-8.74,TRUE,-11.25,-12.47,-10.02,19.83,18.86,20.8
2026-06-15,"Fox News",237,25,55,157,10.55,23.21,-12.66,TRUE,-11.16,-12.36,-9.95,19.84,18.89,20.79
2026-06-22,"Fox News",228,26,52,150,11.4,22.81,-11.41,TRUE,-11.04,-12.23,-9.86,19.82,18.88,20.76
2026-06-29,"Fox News",192,21,36,135,10.94,18.75,-7.81,TRUE,-10.91,-12.09,-9.74,19.78,18.85,20.71
2026-07-06,"Fox News",278,17,49,212,6.12,17.63,-11.51,TRUE,-10.76,-11.94,-9.58,19.72,18.78,20.65
2026-07-13,"Fox News",298,18,56,224,6.04,18.79,-12.75,TRUE,-10.59,-11.79,-9.38,19.64,18.69,20.6
2026-07-20,"Fox News",332,30,74,228,9.04,22.29,-13.25,TRUE,-10.4,-11.66,-9.14,19.54,18.55,20.54
2026-07-27,"Fox News",290,23,56,211,7.93,19.31,-11.38,TRUE,-10.19,-11.53,-8.85,19.42,18.36,20.49
2026-08-03,"Fox News",268,30,48,190,11.19,17.91,-6.72,TRUE,-9.97,-11.42,-8.51,19.29,18.13,20.44
2026-08-10,"Fox News",250,29,52,169,11.6,20.8,-9.2,TRUE,-9.72,-11.32,-8.12,19.13,17.86,20.4
2026-08-17,"Fox News",256,30,52,174,11.72,20.31,-8.59,TRUE,-9.46,-11.24,-7.67,18.94,17.53,20.36
2026-08-24,"Fox News",256,22,55,179,8.59,21.48,-12.89,TRUE,-9.17,-11.18,-7.17,18.74,17.15,20.33
2026-08-31,"Fox News",242,24,37,181,9.92,15.29,-5.37,TRUE,-8.87,-11.12,-6.62,18.52,16.73,20.3
2026-09-07,"Fox News",220,16,37,167,7.27,16.82,-9.55,TRUE,-8.55,-11.08,-6.02,18.28,16.27,20.28
2024-12-30,"Los Angeles Times",77,9,11,57,11.69,14.29,-2.6,TRUE,-14.91,-19.15,-10.67,22.07,18.37,25.77
2025-01-06,"Los Angeles Times",166,11,43,112,6.63,25.9,-19.27,TRUE,-15.58,-19.35,-11.8,22.57,19.27,25.87
2025-01-13,"Los Angeles Times",182,11,33,138,6.04,18.13,-12.09,TRUE,-16.22,-19.58,-12.86,23.05,20.12,25.98
2025-01-20,"Los Angeles Times",249,13,68,168,5.22,27.31,-22.09,TRUE,-16.83,-19.82,-13.83,23.5,20.89,26.12
2025-01-27,"Los Angeles Times",212,8,61,143,3.77,28.77,-25,TRUE,-17.4,-20.08,-14.71,23.94,21.59,26.28
2025-02-03,"Los Angeles Times",257,13,80,164,5.06,31.13,-26.07,TRUE,-17.93,-20.37,-15.5,24.34,22.22,26.47
2025-02-10,"Los Angeles Times",242,15,63,164,6.2,26.03,-19.83,TRUE,-18.43,-20.67,-16.19,24.73,22.77,26.69
2025-02-17,"Los Angeles Times",205,18,46,141,8.78,22.44,-13.66,TRUE,-18.89,-21,-16.79,25.09,23.25,26.93
2025-02-24,"Los Angeles Times",203,13,61,129,6.4,30.05,-23.65,TRUE,-19.32,-21.34,-17.3,25.43,23.67,27.2
2025-03-03,"Los Angeles Times",218,10,52,156,4.59,23.85,-19.26,TRUE,-19.72,-21.7,-17.75,25.75,24.03,27.48
2025-03-10,"Los Angeles Times",218,11,52,155,5.05,23.85,-18.8,TRUE,-20.1,-22.07,-18.13,26.05,24.33,27.77
2025-03-17,"Los Angeles Times",208,12,45,151,5.77,21.63,-15.86,TRUE,-20.44,-22.43,-18.45,26.33,24.6,28.07
2025-03-24,"Los Angeles Times",194,8,39,147,4.12,20.1,-15.98,TRUE,-20.73,-22.75,-18.72,26.58,24.82,28.34
2025-03-31,"Los Angeles Times",215,13,57,145,6.05,26.51,-20.46,TRUE,-20.97,-23.02,-18.92,26.79,25,28.58
2025-04-07,"Los Angeles Times",252,19,84,149,7.54,33.33,-25.79,TRUE,-21.17,-23.25,-19.09,26.97,25.15,28.78
2025-04-14,"Los Angeles Times",216,10,66,140,4.63,30.56,-25.93,TRUE,-21.34,-23.44,-19.23,27.13,25.29,28.97
2025-04-21,"Los Angeles Times",216,10,53,153,4.63,24.54,-19.91,TRUE,-21.49,-23.63,-19.36,27.28,25.42,29.15
2025-04-28,"Los Angeles Times",195,13,59,123,6.67,30.26,-23.59,TRUE,-21.65,-23.81,-19.49,27.43,25.55,29.31
2025-05-05,"Los Angeles Times",194,12,48,134,6.19,24.74,-18.55,TRUE,-21.79,-23.95,-19.62,27.58,25.69,29.47
2025-05-12,"Los Angeles Times",193,16,61,116,8.29,31.61,-23.32,TRUE,-21.89,-24.06,-19.72,27.72,25.82,29.61
2025-05-19,"Los Angeles Times",196,10,52,134,5.1,26.53,-21.43,TRUE,-21.96,-24.16,-19.77,27.85,25.93,29.76
2025-05-26,"Los Angeles Times",164,8,53,103,4.88,32.32,-27.44,TRUE,-22.03,-24.27,-19.8,27.96,26.01,29.91
2025-06-02,"Los Angeles Times",192,13,47,132,6.77,24.48,-17.71,TRUE,-22.12,-24.38,-19.85,28.06,26.08,30.03
2025-06-09,"Los Angeles Times",288,11,73,204,3.82,25.35,-21.53,TRUE,-22.2,-24.44,-19.96,28.12,26.17,30.08
2025-06-16,"Los Angeles Times",228,11,64,153,4.82,28.07,-23.25,TRUE,-22.27,-24.46,-20.07,28.17,26.25,30.08
2025-06-23,"Los Angeles Times",215,16,58,141,7.44,26.98,-19.54,TRUE,-22.32,-24.49,-20.14,28.18,26.29,30.08
2025-06-30,"Los Angeles Times",188,11,51,126,5.85,27.13,-21.28,TRUE,-22.36,-24.55,-20.16,28.19,26.27,30.1
2025-07-07,"Los Angeles Times",201,14,50,137,6.97,24.88,-17.91,TRUE,-22.38,-24.62,-20.14,28.18,26.23,30.13
2025-07-14,"Los Angeles Times",223,14,66,143,6.28,29.6,-23.32,TRUE,-22.39,-24.65,-20.13,28.17,26.2,30.15
2025-07-21,"Los Angeles Times",210,13,52,145,6.19,24.76,-18.57,TRUE,-22.38,-24.62,-20.14,28.14,26.19,30.09
2025-07-28,"Los Angeles Times",195,9,71,115,4.62,36.41,-31.79,TRUE,-22.35,-24.55,-20.15,28.07,26.15,30
2025-08-04,"Los Angeles Times",203,8,63,132,3.94,31.03,-27.09,TRUE,-22.31,-24.51,-20.11,27.99,26.07,29.91
2025-08-11,"Los Angeles Times",188,19,54,115,10.11,28.72,-18.61,TRUE,-22.26,-24.5,-20.03,27.91,25.96,29.86
2025-08-18,"Los Angeles Times",196,12,59,125,6.12,30.1,-23.98,TRUE,-22.22,-24.49,-19.96,27.86,25.88,29.83
2025-08-25,"Los Angeles Times",196,8,58,130,4.08,29.59,-25.51,TRUE,-22.2,-24.44,-19.96,27.83,25.88,29.79
2025-09-01,"Los Angeles Times",200,8,51,141,4,25.5,-21.5,TRUE,-22.19,-24.38,-20,27.83,25.91,29.74
2025-09-08,"Los Angeles Times",218,9,55,154,4.13,25.23,-21.1,TRUE,-22.18,-24.35,-20.01,27.82,25.93,29.72
2025-09-15,"Los Angeles Times",224,14,51,159,6.25,22.77,-16.52,TRUE,-22.15,-24.35,-19.96,27.81,25.89,29.72
2025-09-22,"Los Angeles Times",205,11,51,143,5.37,24.88,-19.51,TRUE,-22.1,-24.34,-19.86,27.77,25.82,29.72
2025-09-29,"Los Angeles Times",215,12,61,142,5.58,28.37,-22.79,TRUE,-22,-24.26,-19.74,27.69,25.71,29.66
2025-10-06,"Los Angeles Times",191,9,54,128,4.71,28.27,-23.56,TRUE,-21.81,-24.05,-19.57,27.53,25.57,29.48
2025-10-13,"Los Angeles Times",200,10,54,136,5,27,-22,TRUE,-21.53,-23.74,-19.33,27.29,25.37,29.21
2025-10-20,"Los Angeles Times",167,12,41,114,7.19,24.55,-17.36,TRUE,-21.22,-23.42,-19.01,27.03,25.1,28.95
2025-10-27,"Los Angeles Times",188,11,56,121,5.85,29.79,-23.94,TRUE,-20.93,-23.16,-18.69,26.78,24.83,28.74
2025-11-03,"Los Angeles Times",216,18,57,141,8.33,26.39,-18.06,TRUE,-20.71,-22.98,-18.45,26.6,24.63,28.58
2025-11-10,"Los Angeles Times",180,12,50,118,6.67,27.78,-21.11,TRUE,-20.55,-22.79,-18.32,26.47,24.51,28.42
2025-11-17,"Los Angeles Times",173,9,69,95,5.2,39.88,-34.68,TRUE,-20.39,-22.58,-18.19,26.33,24.41,28.24
2025-11-24,"Los Angeles Times",138,5,30,103,3.62,21.74,-18.12,TRUE,-20.22,-22.4,-18.05,26.2,24.3,28.09
2025-12-01,"Los Angeles Times",166,13,37,116,7.83,22.29,-14.46,TRUE,-20.07,-22.27,-17.88,26.08,24.16,27.99
2025-12-08,"Los Angeles Times",186,10,52,124,5.38,27.96,-22.58,TRUE,-19.94,-22.18,-17.7,25.97,24.02,27.93
2025-12-15,"Los Angeles Times",196,11,51,134,5.61,26.02,-20.41,TRUE,-19.84,-22.1,-17.57,25.9,23.92,27.87
2025-12-22,"Los Angeles Times",135,8,31,96,5.93,22.96,-17.03,TRUE,-19.76,-21.99,-17.52,25.84,23.89,27.8
2025-12-29,"Los Angeles Times",143,12,32,99,8.39,22.38,-13.99,TRUE,-19.69,-21.9,-17.49,25.79,23.87,27.71
2026-01-05,"Los Angeles Times",220,14,56,150,6.36,25.45,-19.09,TRUE,-19.63,-21.84,-17.43,25.74,23.82,27.67
2026-01-12,"Los Angeles Times",224,16,52,156,7.14,23.21,-16.07,TRUE,-19.57,-21.81,-17.33,25.69,23.74,27.65
2026-01-19,"Los Angeles Times",191,9,50,132,4.71,26.18,-21.47,TRUE,-19.5,-21.76,-17.24,25.64,23.67,27.62
2026-01-26,"Los Angeles Times",244,13,55,176,5.33,22.54,-17.21,TRUE,-19.43,-21.67,-17.19,25.58,23.63,27.53
2026-02-02,"Los Angeles Times",232,15,57,160,6.47,24.57,-18.1,TRUE,-19.36,-21.55,-17.17,25.52,23.61,27.44
2026-02-09,"Los Angeles Times",167,6,50,111,3.59,29.94,-26.35,TRUE,-19.3,-21.47,-17.13,25.47,23.57,27.36
2026-02-16,"Los Angeles Times",150,9,41,100,6,27.33,-21.33,TRUE,-19.25,-21.45,-17.06,25.42,23.51,27.34
2026-02-23,"Los Angeles Times",201,10,41,150,4.98,20.4,-15.42,TRUE,-19.22,-21.45,-16.98,25.4,23.44,27.35
2026-03-02,"Los Angeles Times",204,16,53,135,7.84,25.98,-18.14,TRUE,-19.19,-21.46,-16.93,25.39,23.42,27.37
2026-03-09,"Los Angeles Times",179,11,56,112,6.15,31.28,-25.13,TRUE,-19.2,-21.44,-16.96,25.43,23.48,27.39
2026-03-16,"Los Angeles Times",198,18,59,121,9.09,29.8,-20.71,TRUE,-19.23,-21.43,-17.03,25.51,23.59,27.44
2026-03-23,"Los Angeles Times",170,10,42,118,5.88,24.71,-18.83,TRUE,-19.28,-21.48,-17.07,25.62,23.69,27.54
2026-03-30,"Los Angeles Times",191,8,55,128,4.19,28.8,-24.61,TRUE,-19.33,-21.57,-17.09,25.72,23.77,27.67
2026-04-06,"Los Angeles Times",172,13,45,114,7.56,26.16,-18.6,TRUE,-19.37,-21.64,-17.11,25.8,23.83,27.78
2026-04-13,"Los Angeles Times",159,14,35,110,8.81,22.01,-13.2,TRUE,-19.4,-21.65,-17.16,25.85,23.9,27.81
2026-04-20,"Los Angeles Times",185,11,53,121,5.95,28.65,-22.7,TRUE,-19.42,-21.62,-17.22,25.89,23.96,27.81
2026-04-27,"Los Angeles Times",175,13,25,137,7.43,14.29,-6.86,TRUE,-19.44,-21.61,-17.27,25.92,24.02,27.81
2026-05-04,"Los Angeles Times",156,8,34,114,5.13,21.79,-16.66,TRUE,-19.47,-21.63,-17.31,25.96,24.08,27.84
2026-05-11,"Los Angeles Times",163,10,53,100,6.13,32.52,-26.39,TRUE,-19.52,-21.68,-17.37,26.02,24.14,27.9
2026-05-18,"Los Angeles Times",180,10,43,127,5.56,23.89,-18.33,TRUE,-19.62,-21.76,-17.48,26.12,24.26,27.99
2026-05-25,"Los Angeles Times",159,5,44,110,3.14,27.67,-24.53,TRUE,-19.73,-21.84,-17.62,26.25,24.4,28.09
2026-06-01,"Los Angeles Times",195,13,58,124,6.67,29.74,-23.07,TRUE,-19.86,-21.94,-17.78,26.37,24.56,28.19
2026-06-08,"Los Angeles Times",193,18,47,128,9.33,24.35,-15.02,TRUE,-20,-22.04,-17.95,26.51,24.72,28.3
2026-06-15,"Los Angeles Times",150,12,40,98,8,26.67,-18.67,TRUE,-20.15,-22.16,-18.13,26.66,24.9,28.42
2026-06-22,"Los Angeles Times",122,8,36,78,6.56,29.51,-22.95,TRUE,-20.31,-22.3,-18.33,26.84,25.1,28.57
2026-06-29,"Los Angeles Times",133,13,35,85,9.77,26.32,-16.55,TRUE,-20.5,-22.47,-18.53,27.04,25.32,28.75
2026-07-06,"Los Angeles Times",173,10,46,117,5.78,26.59,-20.81,TRUE,-20.69,-22.67,-18.72,27.25,25.52,28.97
2026-07-13,"Los Angeles Times",151,9,40,102,5.96,26.49,-20.53,TRUE,-20.9,-22.92,-18.88,27.47,25.71,29.23
2026-07-20,"Los Angeles Times",172,8,42,122,4.65,24.42,-19.77,TRUE,-21.12,-23.22,-19.01,27.71,25.87,29.55
2026-07-27,"Los Angeles Times",147,5,39,103,3.4,26.53,-23.13,TRUE,-21.35,-23.6,-19.11,27.96,26.01,29.92
2026-08-03,"Los Angeles Times",151,18,49,84,11.92,32.45,-20.53,TRUE,-21.61,-24.04,-19.17,28.24,26.11,30.36
2026-08-10,"Los Angeles Times",143,3,45,95,2.1,31.47,-29.37,TRUE,-21.88,-24.56,-19.19,28.53,26.19,30.87
2026-08-17,"Los Angeles Times",168,6,42,120,3.57,25,-21.43,TRUE,-22.16,-25.16,-19.17,28.84,26.23,31.46
2026-08-24,"Los Angeles Times",155,10,48,97,6.45,30.97,-24.52,TRUE,-22.46,-25.82,-19.1,29.17,26.24,32.11
2026-08-31,"Los Angeles Times",139,12,38,89,8.63,27.34,-18.71,TRUE,-22.78,-26.56,-19,29.52,26.22,32.82
2026-09-07,"Los Angeles Times",150,14,47,89,9.33,31.33,-22,TRUE,-23.11,-27.35,-18.87,29.88,26.18,33.58
2024-12-30,"NBC News",72,2,11,59,2.78,15.28,-12.5,TRUE,-13.54,-17.68,-9.4,18.63,15.23,22.03
2025-01-06,"NBC News",116,11,21,84,9.48,18.1,-8.62,TRUE,-13.91,-17.6,-10.22,18.99,15.96,22.02
2025-01-13,"NBC News",174,10,26,138,5.75,14.94,-9.19,TRUE,-14.26,-17.54,-10.98,19.32,16.63,22.01
2025-01-20,"NBC News",183,13,31,139,7.1,16.94,-9.84,TRUE,-14.56,-17.49,-11.64,19.62,17.22,22.02
2025-01-27,"NBC News",192,8,30,154,4.17,15.62,-11.45,TRUE,-14.82,-17.44,-12.19,19.87,17.72,22.02
2025-02-03,"NBC News",192,10,49,133,5.21,25.52,-20.31,TRUE,-15.01,-17.39,-12.63,20.08,18.13,22.03
2025-02-10,"NBC News",158,6,50,102,3.8,31.65,-27.85,TRUE,-15.14,-17.33,-12.95,20.24,18.44,22.03
2025-02-17,"NBC News",138,2,30,106,1.45,21.74,-20.29,TRUE,-15.22,-17.28,-13.16,20.36,18.67,22.04
2025-02-24,"NBC News",139,7,32,100,5.04,23.02,-17.98,TRUE,-15.26,-17.24,-13.29,20.44,18.82,22.06
2025-03-03,"NBC News",198,10,42,146,5.05,21.21,-16.16,TRUE,-15.27,-17.2,-13.34,20.49,18.91,22.08
2025-03-10,"NBC News",206,7,55,144,3.4,26.7,-23.3,TRUE,-15.25,-17.17,-13.32,20.52,18.94,22.1
2025-03-17,"NBC News",201,12,31,158,5.97,15.42,-9.45,TRUE,-15.2,-17.14,-13.26,20.52,18.93,22.11
2025-03-24,"NBC News",199,11,34,154,5.53,17.09,-11.56,TRUE,-15.1,-17.07,-13.13,20.48,18.86,22.09
2025-03-31,"NBC News",186,10,53,123,5.38,28.49,-23.11,TRUE,-14.93,-16.93,-12.92,20.38,18.74,22.02
2025-04-07,"NBC News",222,12,48,162,5.41,21.62,-16.21,TRUE,-14.7,-16.73,-12.67,20.24,18.57,21.9
2025-04-14,"NBC News",189,6,42,141,3.17,22.22,-19.05,TRUE,-14.44,-16.5,-12.38,20.07,18.38,21.76
2025-04-21,"NBC News",208,11,42,155,5.29,20.19,-14.9,TRUE,-14.18,-16.27,-12.1,19.89,18.17,21.6
2025-04-28,"NBC News",208,16,30,162,7.69,14.42,-6.73,TRUE,-13.94,-16.05,-11.83,19.71,17.98,21.44
2025-05-05,"NBC News",198,9,32,157,4.55,16.16,-11.61,TRUE,-13.58,-15.7,-11.47,19.45,17.72,21.19
2025-05-12,"NBC News",193,8,33,152,4.15,17.1,-12.95,TRUE,-13.05,-15.17,-10.93,19.08,17.34,20.82
2025-05-19,"NBC News",198,19,30,149,9.6,15.15,-5.55,TRUE,-12.44,-14.58,-10.3,18.65,16.89,20.41
2025-05-26,"NBC News",175,9,37,129,5.14,21.14,-16,TRUE,-11.88,-14.07,-9.69,18.25,16.45,20.04
2025-06-02,"NBC News",193,9,37,147,4.66,19.17,-14.51,TRUE,-11.48,-13.69,-9.27,17.92,16.11,19.74
2025-06-09,"NBC News",196,4,32,160,2.04,16.33,-14.29,TRUE,-11.24,-13.43,-9.06,17.69,15.9,19.49
2025-06-16,"NBC News",169,16,28,125,9.47,16.57,-7.1,TRUE,-11.08,-13.22,-8.94,17.5,15.75,19.26
2025-06-23,"NBC News",167,12,31,124,7.19,18.56,-11.37,TRUE,-10.96,-13.09,-8.84,17.33,15.59,19.08
2025-06-30,"NBC News",139,19,19,101,13.67,13.67,0,TRUE,-10.86,-13.01,-8.72,17.16,15.41,18.92
2025-07-07,"NBC News",171,7,30,134,4.09,17.54,-13.45,TRUE,-10.75,-12.93,-8.56,16.97,15.18,18.77
2025-07-14,"NBC News",168,9,31,128,5.36,18.45,-13.09,TRUE,-10.59,-12.8,-8.38,16.74,14.93,18.56
2025-07-21,"NBC News",179,13,33,133,7.26,18.44,-11.18,TRUE,-10.45,-12.63,-8.26,16.48,14.69,18.28
2025-07-28,"NBC News",183,10,36,137,5.46,19.67,-14.21,TRUE,-10.37,-12.52,-8.21,16.22,14.46,17.99
2025-08-04,"NBC News",167,10,18,139,5.99,10.78,-4.79,TRUE,-10.31,-12.47,-8.16,15.96,14.2,17.73
2025-08-11,"NBC News",154,13,28,113,8.44,18.18,-9.74,TRUE,-10.25,-12.43,-8.06,15.7,13.91,17.5
2025-08-18,"NBC News",189,10,29,150,5.29,15.34,-10.05,TRUE,-10.13,-12.34,-7.92,15.44,13.63,17.26
2025-08-25,"NBC News",199,7,48,144,3.52,24.12,-20.6,TRUE,-9.96,-12.15,-7.78,15.14,13.34,16.93
2025-09-01,"NBC News",248,7,42,199,2.82,16.94,-14.12,TRUE,-9.77,-11.91,-7.62,14.76,13,16.51
2025-09-08,"NBC News",257,6,29,222,2.33,11.28,-8.95,TRUE,-9.56,-11.68,-7.44,14.34,12.6,16.09
2025-09-15,"NBC News",347,10,35,302,2.88,10.09,-7.21,TRUE,-9.35,-11.5,-7.21,13.93,12.18,15.69
2025-09-22,"NBC News",281,12,30,239,4.27,10.68,-6.41,TRUE,-9.16,-11.35,-6.97,13.57,11.77,15.36
2025-09-29,"NBC News",238,9,31,198,3.78,13.03,-9.25,TRUE,-8.99,-11.2,-6.78,13.28,11.47,15.09
2025-10-06,"NBC News",262,14,26,222,5.34,9.92,-4.58,TRUE,-8.77,-10.96,-6.58,12.98,11.19,14.78
2025-10-13,"NBC News",254,11,27,216,4.33,10.63,-6.3,TRUE,-8.46,-10.61,-6.31,12.62,10.85,14.39
2025-10-20,"NBC News",228,12,23,193,5.26,10.09,-4.83,TRUE,-8.13,-10.28,-5.97,12.25,10.48,14.01
2025-10-27,"NBC News",209,5,34,170,2.39,16.27,-13.88,TRUE,-7.84,-10.03,-5.66,11.94,10.14,13.73
2025-11-03,"NBC News",275,21,42,212,7.64,15.27,-7.63,TRUE,-7.68,-9.89,-5.47,11.75,9.94,13.56
2025-11-10,"NBC News",254,6,31,217,2.36,12.2,-9.84,TRUE,-7.6,-9.78,-5.41,11.69,9.9,13.49
2025-11-17,"NBC News",296,11,38,247,3.72,12.84,-9.12,TRUE,-7.54,-9.68,-5.39,11.71,9.95,13.47
2025-11-24,"NBC News",187,11,23,153,5.88,12.3,-6.42,TRUE,-7.5,-9.62,-5.38,11.78,10.04,13.52
2025-12-01,"NBC News",204,9,23,172,4.41,11.27,-6.86,TRUE,-7.49,-9.64,-5.35,11.89,10.13,13.65
2025-12-08,"NBC News",241,12,27,202,4.98,11.2,-6.22,TRUE,-7.53,-9.72,-5.34,12.02,10.23,13.81
2025-12-15,"NBC News",202,5,21,176,2.48,10.4,-7.92,TRUE,-7.61,-9.82,-5.4,12.15,10.34,13.97
2025-12-22,"NBC News",148,7,10,131,4.73,6.76,-2.03,TRUE,-7.84,-10.03,-5.65,12.39,10.59,14.18
2025-12-29,"NBC News",148,5,17,126,3.38,11.49,-8.11,TRUE,-8.23,-10.38,-6.07,12.77,11,14.53
2026-01-05,"NBC News",213,14,33,166,6.57,15.49,-8.92,TRUE,-8.67,-10.83,-6.52,13.2,11.43,14.97
2026-01-12,"NBC News",250,15,38,197,6,15.2,-9.2,TRUE,-9.08,-11.27,-6.9,13.6,11.81,15.39
2026-01-19,"NBC News",261,9,39,213,3.45,14.94,-11.49,TRUE,-9.35,-11.56,-7.14,13.87,12.06,15.68
2026-01-26,"NBC News",238,3,29,206,1.26,12.18,-10.92,TRUE,-9.54,-11.73,-7.36,14.06,12.26,15.85
2026-02-02,"NBC News",214,10,26,178,4.67,12.15,-7.48,TRUE,-9.78,-11.92,-7.64,14.25,12.49,16.01
2026-02-09,"NBC News",200,15,24,161,7.5,12,-4.5,TRUE,-10.03,-12.15,-7.91,14.45,12.71,16.19
2026-02-16,"NBC News",131,8,22,101,6.11,16.79,-10.68,TRUE,-10.27,-12.41,-8.13,14.65,12.89,16.41
2026-02-23,"NBC News",231,9,39,183,3.9,16.88,-12.98,TRUE,-10.48,-12.67,-8.29,14.84,13.05,16.64
2026-03-02,"NBC News",226,12,42,172,5.31,18.58,-13.27,TRUE,-10.63,-12.84,-8.42,15.03,13.22,16.85
2026-03-09,"NBC News",176,9,34,133,5.11,19.32,-14.21,TRUE,-10.72,-12.91,-8.54,15.21,13.42,17.01
2026-03-16,"NBC News",169,8,28,133,4.73,16.57,-11.84,TRUE,-10.78,-12.93,-8.63,15.4,13.63,17.16
2026-03-23,"NBC News",160,4,31,125,2.5,19.38,-16.88,TRUE,-10.81,-12.97,-8.66,15.57,13.81,17.34
2026-03-30,"NBC News",197,4,31,162,2.03,15.74,-13.71,TRUE,-10.85,-13.03,-8.66,15.74,13.95,17.54
2026-04-06,"NBC News",264,15,41,208,5.68,15.53,-9.85,TRUE,-10.9,-13.11,-8.69,15.91,14.1,17.72
2026-04-13,"NBC News",273,13,43,217,4.76,15.75,-10.99,TRUE,-10.94,-13.13,-8.75,16.07,14.27,17.86
2026-04-20,"NBC News",237,8,26,203,3.38,10.97,-7.59,TRUE,-10.96,-13.11,-8.81,16.2,14.44,17.97
2026-04-27,"NBC News",295,15,31,249,5.08,10.51,-5.43,TRUE,-10.96,-13.08,-8.84,16.34,14.6,18.07
2026-05-04,"NBC News",223,14,20,189,6.28,8.97,-2.69,TRUE,-10.96,-13.07,-8.86,16.46,14.73,18.19
2026-05-11,"NBC News",236,8,44,184,3.39,18.64,-15.25,TRUE,-10.97,-13.07,-8.86,16.59,14.87,18.32
2026-05-18,"NBC News",152,12,26,114,7.89,17.11,-9.22,TRUE,-10.99,-13.08,-8.9,16.73,15.01,18.44
2026-05-25,"NBC News",157,13,31,113,8.28,19.75,-11.47,TRUE,-11.02,-13.09,-8.96,16.86,15.17,18.55
2026-06-01,"NBC News",152,7,24,121,4.61,15.79,-11.18,TRUE,-11.05,-13.08,-9.01,16.99,15.32,18.66
2026-06-08,"NBC News",148,12,33,103,8.11,22.3,-14.19,TRUE,-11.06,-13.06,-9.06,17.11,15.47,18.76
2026-06-15,"NBC News",152,9,22,121,5.92,14.47,-8.55,TRUE,-11.07,-13.05,-9.1,17.24,15.62,18.85
2026-06-22,"NBC News",141,18,27,96,12.77,19.15,-6.38,TRUE,-11.09,-13.03,-9.14,17.36,15.77,18.96
2026-06-29,"NBC News",103,9,24,70,8.74,23.3,-14.56,TRUE,-11.09,-13.02,-9.17,17.49,15.91,19.07
2026-07-06,"NBC News",124,6,20,98,4.84,16.13,-11.29,TRUE,-11.1,-13.03,-9.17,17.62,16.03,19.2
2026-07-13,"NBC News",123,5,18,100,4.07,14.63,-10.56,TRUE,-11.09,-13.06,-9.12,17.74,16.12,19.36
2026-07-20,"NBC News",113,9,15,89,7.96,13.27,-5.31,TRUE,-11.09,-13.14,-9.03,17.86,16.18,19.55
2026-07-27,"NBC News",113,3,23,87,2.65,20.35,-17.7,TRUE,-11.08,-13.27,-8.89,17.99,16.19,19.78
2026-08-03,"NBC News",131,9,28,94,6.87,21.37,-14.5,TRUE,-11.07,-13.45,-8.69,18.11,16.16,20.06
2026-08-10,"NBC News",104,5,20,79,4.81,19.23,-14.42,TRUE,-11.07,-13.69,-8.44,18.23,16.08,20.38
2026-08-17,"NBC News",127,5,27,95,3.94,21.26,-17.32,TRUE,-11.06,-13.99,-8.14,18.35,15.95,20.75
2026-08-24,"NBC News",122,12,17,93,9.84,13.93,-4.09,TRUE,-11.06,-14.34,-7.78,18.46,15.77,21.16
2026-08-31,"NBC News",122,11,24,87,9.02,19.67,-10.65,TRUE,-11.05,-14.74,-7.36,18.58,15.55,21.6
2026-09-07,"NBC News",111,10,19,82,9.01,17.12,-8.11,TRUE,-11.04,-15.18,-6.89,18.69,15.29,22.09
2024-12-30,"NPR",46,1,7,38,2.17,15.22,-13.05,TRUE,-14.82,-19.7,-9.94,18.9,14.98,22.83
2025-01-06,"NPR",90,5,16,69,5.56,17.78,-12.22,TRUE,-15.63,-19.98,-11.29,19.83,16.33,23.32
2025-01-13,"NPR",137,7,35,95,5.11,25.55,-20.44,TRUE,-16.4,-20.27,-12.54,20.7,17.59,23.81
2025-01-20,"NPR",217,13,30,174,5.99,13.82,-7.83,TRUE,-17.12,-20.57,-13.67,21.51,18.74,24.29
2025-01-27,"NPR",169,8,41,120,4.73,24.26,-19.53,TRUE,-17.77,-20.86,-14.68,22.26,19.78,24.75
2025-02-03,"NPR",222,11,50,161,4.95,22.52,-17.57,TRUE,-18.34,-21.15,-15.54,22.93,20.68,25.19
2025-02-10,"NPR",227,11,60,156,4.85,26.43,-21.58,TRUE,-18.84,-21.42,-16.26,23.53,21.46,25.61
2025-02-17,"NPR",183,10,54,119,5.46,29.51,-24.05,TRUE,-19.28,-21.7,-16.85,24.07,22.12,26.02
2025-02-24,"NPR",180,7,39,134,3.89,21.67,-17.78,TRUE,-19.66,-21.98,-17.33,24.54,22.67,26.41
2025-03-03,"NPR",198,8,58,132,4.04,29.29,-25.25,TRUE,-19.98,-22.26,-17.71,24.96,23.13,26.79
2025-03-10,"NPR",187,9,46,132,4.81,24.6,-19.79,TRUE,-20.27,-22.54,-18,25.33,23.51,27.15
2025-03-17,"NPR",177,2,44,131,1.13,24.86,-23.73,TRUE,-20.52,-22.81,-18.23,25.65,23.81,27.49
2025-03-24,"NPR",176,11,48,117,6.25,27.27,-21.02,TRUE,-20.71,-23.03,-18.38,25.91,24.04,27.78
2025-03-31,"NPR",194,7,68,119,3.61,35.05,-31.44,TRUE,-20.81,-23.17,-18.45,26.08,24.19,27.98
2025-04-07,"NPR",189,15,51,123,7.94,26.98,-19.04,TRUE,-20.85,-23.25,-18.46,26.19,24.27,28.12
2025-04-14,"NPR",200,7,55,138,3.5,27.5,-24,TRUE,-20.85,-23.28,-18.43,26.25,24.3,28.21
2025-04-21,"NPR",171,5,44,122,2.92,25.73,-22.81,TRUE,-20.83,-23.29,-18.37,26.28,24.3,28.26
2025-04-28,"NPR",185,13,53,119,7.03,28.65,-21.62,TRUE,-20.81,-23.29,-18.32,26.29,24.29,28.29
2025-05-05,"NPR",173,10,39,124,5.78,22.54,-16.76,TRUE,-20.66,-23.15,-18.17,26.19,24.19,28.19
2025-05-12,"NPR",187,9,43,135,4.81,22.99,-18.18,TRUE,-20.32,-22.82,-17.83,25.93,23.92,27.94
2025-05-19,"NPR",164,5,43,116,3.05,26.22,-23.17,TRUE,-19.91,-22.43,-17.38,25.59,23.56,27.63
2025-05-26,"NPR",134,15,38,81,11.19,28.36,-17.17,TRUE,-19.51,-22.08,-16.93,25.26,23.19,27.33
2025-06-02,"NPR",170,7,38,125,4.12,22.35,-18.23,TRUE,-19.24,-21.84,-16.63,25,22.91,27.1
2025-06-09,"NPR",179,3,41,135,1.68,22.91,-21.23,TRUE,-19.05,-21.63,-16.48,24.76,22.69,26.84
2025-06-16,"NPR",143,11,27,105,7.69,18.88,-11.19,TRUE,-18.84,-21.37,-16.32,24.46,22.43,26.49
2025-06-23,"NPR",177,15,41,121,8.47,23.16,-14.69,TRUE,-18.63,-21.13,-16.13,24.11,22.1,26.13
2025-06-30,"NPR",124,14,24,86,11.29,19.35,-8.06,TRUE,-18.42,-20.95,-15.9,23.77,21.73,25.8
2025-07-07,"NPR",137,6,37,94,4.38,27.01,-22.63,TRUE,-18.24,-20.81,-15.66,23.45,21.38,25.52
2025-07-14,"NPR",161,7,47,107,4.35,29.19,-24.84,TRUE,-18.09,-20.69,-15.48,23.2,21.11,25.3
2025-07-21,"NPR",151,8,37,106,5.3,24.5,-19.2,TRUE,-18.01,-20.59,-15.43,23,20.93,25.07
2025-07-28,"NPR",151,9,41,101,5.96,27.15,-21.19,TRUE,-18.01,-20.55,-15.47,22.8,20.76,24.84
2025-08-04,"NPR",133,2,32,99,1.5,24.06,-22.56,TRUE,-18.05,-20.58,-15.51,22.61,20.57,24.65
2025-08-11,"NPR",170,3,39,128,1.76,22.94,-21.18,TRUE,-18.08,-20.65,-15.5,22.45,20.37,24.52
2025-08-18,"NPR",140,4,26,110,2.86,18.57,-15.71,TRUE,-18.06,-20.66,-15.45,22.31,20.21,24.4
2025-08-25,"NPR",141,6,27,108,4.26,19.15,-14.89,TRUE,-18.01,-20.58,-15.43,22.2,20.13,24.27
2025-09-01,"NPR",143,8,28,107,5.59,19.58,-13.99,TRUE,-17.96,-20.49,-15.44,22.11,20.07,24.14
2025-09-08,"NPR",149,6,34,109,4.03,22.82,-18.79,TRUE,-17.92,-20.42,-15.42,22.02,20.01,24.04
2025-09-15,"NPR",154,5,38,111,3.25,24.68,-21.43,TRUE,-17.88,-20.4,-15.35,21.95,19.92,23.98
2025-09-22,"NPR",166,5,41,120,3.01,24.7,-21.69,TRUE,-17.84,-20.41,-15.26,21.89,19.81,23.96
2025-09-29,"NPR",144,6,29,109,4.17,20.14,-15.97,TRUE,-17.79,-20.4,-15.19,21.82,19.73,23.92
2025-10-06,"NPR",128,1,23,104,0.78,17.97,-17.19,TRUE,-17.71,-20.28,-15.13,21.77,19.7,23.84
2025-10-13,"NPR",107,2,15,90,1.87,14.02,-12.15,TRUE,-17.57,-20.1,-15.03,21.73,19.69,23.77
2025-10-20,"NPR",108,9,28,71,8.33,25.93,-17.6,TRUE,-17.41,-19.95,-14.87,21.7,19.66,23.74
2025-10-27,"NPR",142,7,27,108,4.93,19.01,-14.08,TRUE,-17.27,-19.85,-14.7,21.67,19.6,23.75
2025-11-03,"NPR",147,10,35,102,6.8,23.81,-17.01,TRUE,-17.2,-19.8,-14.59,21.66,19.56,23.75
2025-11-10,"NPR",142,4,35,103,2.82,24.65,-21.83,TRUE,-17.16,-19.73,-14.58,21.64,19.57,23.72
2025-11-17,"NPR",126,10,28,88,7.94,22.22,-14.28,TRUE,-17.11,-19.64,-14.59,21.64,19.61,23.67
2025-11-24,"NPR",98,3,32,63,3.06,32.65,-29.59,TRUE,-17.08,-19.58,-14.58,21.65,19.64,23.67
2025-12-01,"NPR",131,7,18,106,5.34,13.74,-8.4,TRUE,-17.06,-19.59,-14.54,21.68,19.65,23.72
2025-12-08,"NPR",146,9,37,100,6.16,25.34,-19.18,TRUE,-17.08,-19.66,-14.51,21.74,19.67,23.81
2025-12-15,"NPR",111,4,26,81,3.6,23.42,-19.82,TRUE,-17.15,-19.75,-14.54,21.82,19.72,23.91
2025-12-22,"NPR",117,7,21,89,5.98,17.95,-11.97,TRUE,-17.28,-19.86,-14.7,21.92,19.85,23.99
2025-12-29,"NPR",128,9,20,99,7.03,15.62,-8.59,TRUE,-17.47,-20,-14.93,22.04,20,24.08
2026-01-05,"NPR",165,2,45,118,1.21,27.27,-26.06,TRUE,-17.68,-20.22,-15.14,22.16,20.12,24.2
2026-01-12,"NPR",168,4,40,124,2.38,23.81,-21.43,TRUE,-17.9,-20.47,-15.32,22.3,20.23,24.38
2026-01-19,"NPR",150,9,35,106,6,23.33,-17.33,TRUE,-18.09,-20.69,-15.48,22.45,20.36,24.55
2026-01-26,"NPR",143,4,29,110,2.8,20.28,-17.48,TRUE,-18.34,-20.92,-15.77,22.66,20.58,24.73
2026-02-02,"NPR",142,5,29,108,3.52,20.42,-16.9,TRUE,-18.73,-21.26,-16.21,22.93,20.9,24.96
2026-02-09,"NPR",97,1,21,75,1.03,21.65,-20.62,TRUE,-19.17,-21.67,-16.67,23.24,21.23,25.26
2026-02-16,"NPR",105,5,24,76,4.76,22.86,-18.1,TRUE,-19.6,-22.12,-17.07,23.55,21.52,25.58
2026-02-23,"NPR",156,7,33,116,4.49,21.15,-16.66,TRUE,-19.94,-22.51,-17.36,23.82,21.75,25.89
2026-03-02,"NPR",147,10,28,109,6.8,19.05,-12.25,TRUE,-20.11,-22.72,-17.51,24.01,21.91,26.1
2026-03-09,"NPR",102,7,25,70,6.86,24.51,-17.65,TRUE,-20.19,-22.76,-17.61,24.19,22.12,26.27
2026-03-16,"NPR",132,8,40,84,6.06,30.3,-24.24,TRUE,-20.26,-22.8,-17.72,24.45,22.41,26.49
2026-03-23,"NPR",128,3,33,92,2.34,25.78,-23.44,TRUE,-20.31,-22.85,-17.77,24.71,22.67,26.75
2026-03-30,"NPR",125,3,31,91,2.4,24.8,-22.4,TRUE,-20.32,-22.9,-17.74,24.93,22.86,27.01
2026-04-06,"NPR",110,6,36,68,5.45,32.73,-27.28,TRUE,-20.27,-22.88,-17.67,25.06,22.96,27.15
2026-04-13,"NPR",125,3,31,91,2.4,24.8,-22.4,TRUE,-20.12,-22.7,-17.54,25.07,22.99,27.15
2026-04-20,"NPR",145,3,34,108,2.07,23.45,-21.38,TRUE,-19.85,-22.38,-17.32,25.02,22.98,27.06
2026-04-27,"NPR",126,3,38,85,2.38,30.16,-27.78,TRUE,-19.52,-22.02,-17.03,24.93,22.92,26.93
2026-05-04,"NPR",126,11,34,81,8.73,26.98,-18.25,TRUE,-19.2,-21.68,-16.71,24.82,22.83,26.82
2026-05-11,"NPR",144,8,30,106,5.56,20.83,-15.27,TRUE,-18.92,-21.4,-16.44,24.74,22.75,26.74
2026-05-18,"NPR",161,16,29,116,9.94,18.01,-8.07,TRUE,-18.76,-21.22,-16.29,24.71,22.73,26.69
2026-05-25,"NPR",116,4,31,81,3.45,26.72,-23.27,TRUE,-18.66,-21.09,-16.23,24.7,22.75,26.66
2026-06-01,"NPR",143,7,39,97,4.9,27.27,-22.37,TRUE,-18.54,-20.94,-16.15,24.68,22.75,26.61
2026-06-08,"NPR",140,10,39,91,7.14,27.86,-20.72,TRUE,-18.42,-20.78,-16.06,24.65,22.75,26.54
2026-06-15,"NPR",127,12,31,84,9.45,24.41,-14.96,TRUE,-18.3,-20.62,-15.98,24.6,22.73,26.47
2026-06-22,"NPR",135,13,25,97,9.63,18.52,-8.89,TRUE,-18.19,-20.48,-15.9,24.55,22.71,26.39
2026-06-29,"NPR",96,15,18,63,15.62,18.75,-3.13,TRUE,-18.08,-20.35,-15.82,24.48,22.65,26.3
2026-07-06,"NPR",111,6,21,84,5.41,18.92,-13.51,TRUE,-17.96,-20.24,-15.69,24.39,22.56,26.22
2026-07-13,"NPR",125,5,26,94,4,20.8,-16.8,TRUE,-17.84,-20.17,-15.52,24.3,22.43,26.17
2026-07-20,"NPR",105,4,21,80,3.81,20,-16.19,TRUE,-17.72,-20.15,-15.3,24.19,22.24,26.14
2026-07-27,"NPR",115,4,32,79,3.48,27.83,-24.35,TRUE,-17.61,-20.19,-15.03,24.08,22,26.15
2026-08-03,"NPR",97,10,26,61,10.31,26.8,-16.49,TRUE,-17.52,-20.32,-14.72,23.96,21.7,26.21
2026-08-10,"NPR",102,3,28,71,2.94,27.45,-24.51,TRUE,-17.45,-20.54,-14.36,23.85,21.36,26.33
2026-08-17,"NPR",93,4,26,63,4.3,27.96,-23.66,TRUE,-17.4,-20.85,-13.96,23.74,20.96,26.51
2026-08-24,"NPR",111,9,34,68,8.11,30.63,-22.52,TRUE,-17.37,-21.24,-13.51,23.62,20.51,26.74
2026-08-31,"NPR",107,6,27,74,5.61,25.23,-19.62,TRUE,-17.35,-21.7,-13.01,23.51,20.01,27
2026-09-07,"NPR",94,6,14,74,6.38,14.89,-8.51,TRUE,-17.33,-22.21,-12.45,23.38,19.45,27.3
2024-12-30,"New York Times",88,4,19,65,4.55,21.59,-17.04,TRUE,-14.63,-19.24,-10.02,21.98,18.21,25.76
2025-01-06,"New York Times",294,18,76,200,6.12,25.85,-19.73,TRUE,-15.19,-19.3,-11.09,22.36,19,25.72
2025-01-13,"New York Times",371,34,65,272,9.16,17.52,-8.36,TRUE,-15.73,-19.38,-12.08,22.72,19.73,25.71
2025-01-20,"New York Times",551,43,86,422,7.8,15.61,-7.81,TRUE,-16.23,-19.48,-12.97,23.06,20.39,25.72
2025-01-27,"New York Times",479,35,119,325,7.31,24.84,-17.53,TRUE,-16.68,-19.6,-13.76,23.37,20.97,25.76
2025-02-03,"New York Times",497,32,133,332,6.44,26.76,-20.32,TRUE,-17.08,-19.73,-14.44,23.64,21.47,25.81
2025-02-10,"New York Times",510,49,137,324,9.61,26.86,-17.25,TRUE,-17.43,-19.87,-15,23.87,21.88,25.87
2025-02-17,"New York Times",427,32,105,290,7.49,24.59,-17.1,TRUE,-17.74,-20.03,-15.45,24.08,22.21,25.96
2025-02-24,"New York Times",452,22,109,321,4.87,24.12,-19.25,TRUE,-18,-20.2,-15.81,24.27,22.47,26.07
2025-03-03,"New York Times",520,30,133,357,5.77,25.58,-19.81,TRUE,-18.24,-20.38,-16.09,24.43,22.67,26.19
2025-03-10,"New York Times",458,36,116,306,7.86,25.33,-17.47,TRUE,-18.44,-20.58,-16.3,24.58,22.83,26.33
2025-03-17,"New York Times",450,22,103,325,4.89,22.89,-18,TRUE,-18.62,-20.78,-16.46,24.72,22.95,26.49
2025-03-24,"New York Times",470,20,110,340,4.26,23.4,-19.14,TRUE,-18.77,-20.96,-16.57,24.83,23.03,26.62
2025-03-31,"New York Times",539,34,195,310,6.31,36.18,-29.87,TRUE,-18.86,-21.08,-16.63,24.9,23.08,26.73
2025-04-07,"New York Times",529,31,157,341,5.86,29.68,-23.82,TRUE,-18.91,-21.17,-16.65,24.95,23.1,26.8
2025-04-14,"New York Times",435,16,115,304,3.68,26.44,-22.76,TRUE,-18.94,-21.23,-16.65,24.99,23.11,26.86
2025-04-21,"New York Times",420,13,99,308,3.1,23.57,-20.47,TRUE,-18.95,-21.27,-16.63,25.01,23.11,26.92
2025-04-28,"New York Times",475,31,118,326,6.53,24.84,-18.31,TRUE,-18.95,-21.3,-16.61,25.05,23.12,26.97
2025-05-05,"New York Times",463,27,108,328,5.83,23.33,-17.5,TRUE,-18.86,-21.21,-16.51,25.02,23.09,26.95
2025-05-12,"New York Times",472,37,91,344,7.84,19.28,-11.44,TRUE,-18.63,-20.98,-16.27,24.89,22.96,26.83
2025-05-19,"New York Times",375,29,89,257,7.73,23.73,-16,TRUE,-18.33,-20.71,-15.94,24.73,22.78,26.69
2025-05-26,"New York Times",302,16,86,200,5.3,28.48,-23.18,TRUE,-18.05,-20.48,-15.62,24.59,22.59,26.58
2025-06-02,"New York Times",315,21,77,217,6.67,24.44,-17.77,TRUE,-17.86,-20.32,-15.4,24.51,22.5,26.53
2025-06-09,"New York Times",294,15,57,222,5.1,19.39,-14.29,TRUE,-17.73,-20.17,-15.3,24.51,22.52,26.51
2025-06-16,"New York Times",385,30,93,262,7.79,24.16,-16.37,TRUE,-17.58,-19.96,-15.2,24.54,22.59,26.5
2025-06-23,"New York Times",419,22,96,301,5.25,22.91,-17.66,TRUE,-17.42,-19.78,-15.05,24.59,22.65,26.52
2025-06-30,"New York Times",343,34,89,220,9.91,25.95,-16.04,TRUE,-17.26,-19.64,-14.88,24.63,22.68,26.59
2025-07-07,"New York Times",352,27,85,240,7.67,24.15,-16.48,TRUE,-17.13,-19.56,-14.7,24.67,22.68,26.66
2025-07-14,"New York Times",355,25,86,244,7.04,24.23,-17.19,TRUE,-17.04,-19.5,-14.58,24.68,22.67,26.7
2025-07-21,"New York Times",136,14,26,96,10.29,19.12,-8.83,TRUE,-17.04,-19.47,-14.61,24.72,22.73,26.72
2025-07-28,"New York Times",173,13,52,108,7.51,30.06,-22.55,TRUE,-17.12,-19.52,-14.73,24.83,22.87,26.79
2025-08-04,"New York Times",152,12,38,102,7.89,25,-17.11,TRUE,-17.25,-19.64,-14.85,24.96,22.99,26.92
2025-08-11,"New York Times",190,15,56,119,7.89,29.47,-21.58,TRUE,-17.36,-19.79,-14.93,25.06,23.07,27.05
2025-08-18,"New York Times",155,14,36,105,9.03,23.23,-14.2,TRUE,-17.41,-19.87,-14.95,25.1,23.09,27.12
2025-08-25,"New York Times",150,13,45,92,8.67,30,-21.33,TRUE,-17.42,-19.85,-14.99,25.05,23.05,27.04
2025-09-01,"New York Times",128,11,37,80,8.59,28.91,-20.32,TRUE,-17.42,-19.81,-15.04,24.92,22.96,26.87
2025-09-08,"New York Times",118,4,31,83,3.39,26.27,-22.88,TRUE,-17.42,-19.79,-15.06,24.75,22.82,26.69
2025-09-15,"New York Times",187,13,40,134,6.95,21.39,-14.44,TRUE,-17.43,-19.81,-15.05,24.59,22.64,26.55
2025-09-22,"New York Times",214,14,51,149,6.54,23.83,-17.29,TRUE,-17.45,-19.88,-15.02,24.47,22.47,26.46
2025-09-29,"New York Times",162,13,29,120,8.02,17.9,-9.88,TRUE,-17.49,-19.95,-15.03,24.41,22.4,26.43
2025-10-06,"New York Times",160,13,40,107,8.12,25,-16.88,TRUE,-17.51,-19.94,-15.08,24.36,22.37,26.35
2025-10-13,"New York Times",154,4,46,104,2.6,29.87,-27.27,TRUE,-17.5,-19.9,-15.11,24.24,22.28,26.2
2025-10-20,"New York Times",214,16,45,153,7.48,21.03,-13.55,TRUE,-17.49,-19.89,-15.1,24.11,22.15,26.07
2025-10-27,"New York Times",165,15,41,109,9.09,24.85,-15.76,TRUE,-17.5,-19.93,-15.07,24.02,22.02,26.01
2025-11-03,"New York Times",198,17,54,127,8.59,27.27,-18.68,TRUE,-17.55,-20.01,-15.09,24.02,22.01,26.04
2025-11-10,"New York Times",144,5,29,110,3.47,20.14,-16.67,TRUE,-17.63,-20.06,-15.2,24.12,22.13,26.12
2025-11-17,"New York Times",187,13,35,139,6.95,18.72,-11.77,TRUE,-17.7,-20.09,-15.32,24.28,22.32,26.23
2025-11-24,"New York Times",98,4,22,72,4.08,22.45,-18.37,TRUE,-17.78,-20.14,-15.42,24.47,22.53,26.4
2025-12-01,"New York Times",180,13,45,122,7.22,25,-17.78,TRUE,-17.88,-20.26,-15.5,24.68,22.72,26.63
2025-12-08,"New York Times",158,9,45,104,5.7,28.48,-22.78,TRUE,-18.01,-20.44,-15.58,24.9,22.91,26.89
2025-12-15,"New York Times",147,8,38,101,5.44,25.85,-20.41,TRUE,-18.18,-20.64,-15.72,25.12,23.1,27.13
2025-12-22,"New York Times",90,6,17,67,6.67,18.89,-12.22,TRUE,-18.48,-20.91,-16.05,25.46,23.46,27.45
2025-12-29,"New York Times",85,7,23,55,8.24,27.06,-18.82,TRUE,-18.92,-21.31,-16.52,25.98,24.02,27.94
2026-01-05,"New York Times",209,16,65,128,7.66,31.1,-23.44,TRUE,-19.41,-21.8,-17.01,26.56,24.59,28.52
2026-01-12,"New York Times",215,15,59,141,6.98,27.44,-20.46,TRUE,-19.85,-22.28,-17.42,27.07,25.08,29.06
2026-01-19,"New York Times",223,27,58,138,12.11,26.01,-13.9,TRUE,-20.17,-22.62,-17.71,27.4,25.38,29.41
2026-01-26,"New York Times",185,8,53,124,4.32,28.65,-24.33,TRUE,-20.46,-22.89,-18.03,27.63,25.64,29.63
2026-02-02,"New York Times",176,11,56,109,6.25,31.82,-25.57,TRUE,-20.86,-23.24,-18.47,27.93,25.97,29.88
2026-02-09,"New York Times",139,13,37,89,9.35,26.62,-17.27,TRUE,-21.29,-23.65,-18.93,28.23,26.29,30.17
2026-02-16,"New York Times",130,12,39,79,9.23,30,-20.77,TRUE,-21.68,-24.07,-19.3,28.49,26.54,30.45
2026-02-23,"New York Times",214,13,53,148,6.07,24.77,-18.7,TRUE,-21.97,-24.4,-19.54,28.66,26.67,30.65
2026-03-02,"New York Times",194,15,43,136,7.73,22.16,-14.43,TRUE,-22.07,-24.53,-19.62,28.69,26.67,30.7
2026-03-09,"New York Times",140,9,49,82,6.43,35,-28.57,TRUE,-21.97,-24.41,-19.54,28.48,26.49,30.47
2026-03-16,"New York Times",199,15,47,137,7.54,23.62,-16.08,TRUE,-21.73,-24.13,-19.34,28.06,26.1,30.03
2026-03-23,"New York Times",147,8,47,92,5.44,31.97,-26.53,TRUE,-21.42,-23.82,-19.03,27.56,25.6,29.52
2026-03-30,"New York Times",185,9,69,107,4.86,37.3,-32.44,TRUE,-21.11,-23.54,-18.68,27.09,25.09,29.08
2026-04-06,"New York Times",146,6,46,94,4.11,31.51,-27.4,TRUE,-20.87,-23.33,-18.41,26.77,24.76,28.79
2026-04-13,"New York Times",154,8,37,109,5.19,24.03,-18.84,TRUE,-20.58,-23.02,-18.15,26.48,24.48,28.48
2026-04-20,"New York Times",133,10,37,86,7.52,27.82,-20.3,TRUE,-20.14,-22.53,-17.75,26.05,24.09,28.02
2026-04-27,"New York Times",157,6,34,117,3.82,21.66,-17.84,TRUE,-19.63,-21.99,-17.27,25.58,23.65,27.52
2026-05-04,"New York Times",147,4,37,106,2.72,25.17,-22.45,TRUE,-19.15,-21.49,-16.81,25.15,23.23,27.07
2026-05-11,"New York Times",197,14,56,127,7.11,28.43,-21.32,TRUE,-18.78,-21.12,-16.44,24.85,22.93,26.77
2026-05-18,"New York Times",309,16,58,235,5.18,18.77,-13.59,TRUE,-18.61,-20.93,-16.28,24.75,22.85,26.66
2026-05-25,"New York Times",185,11,42,132,5.95,22.7,-16.75,TRUE,-18.55,-20.85,-16.26,24.79,22.91,26.67
2026-06-01,"New York Times",284,17,42,225,5.99,14.79,-8.8,TRUE,-18.49,-20.75,-16.23,24.83,22.98,26.69
2026-06-08,"New York Times",258,8,57,193,3.1,22.09,-18.99,TRUE,-18.45,-20.68,-16.22,24.92,23.09,26.74
2026-06-15,"New York Times",180,8,41,131,4.44,22.78,-18.34,TRUE,-18.46,-20.65,-16.27,25.07,23.27,26.86
2026-06-22,"New York Times",134,22,29,83,16.42,21.64,-5.22,TRUE,-18.55,-20.71,-16.39,25.32,23.55,27.09
2026-06-29,"New York Times",134,17,32,85,12.69,23.88,-11.19,TRUE,-18.7,-20.84,-16.56,25.65,23.89,27.4
2026-07-06,"New York Times",150,9,39,102,6,26,-20,TRUE,-18.88,-21.03,-16.73,26.02,24.26,27.78
2026-07-13,"New York Times",136,6,37,93,4.41,27.21,-22.8,TRUE,-19.09,-21.28,-16.9,26.45,24.65,28.25
2026-07-20,"New York Times",130,12,30,88,9.23,23.08,-13.85,TRUE,-19.35,-21.64,-17.06,26.94,25.07,28.82
2026-07-27,"New York Times",94,7,31,56,7.45,32.98,-25.53,TRUE,-19.66,-22.1,-17.23,27.51,25.51,29.5
2026-08-03,"New York Times",115,12,25,78,10.43,21.74,-11.31,TRUE,-20.04,-22.69,-17.4,28.15,25.98,30.32
2026-08-10,"New York Times",90,3,27,60,3.33,30,-26.67,TRUE,-20.5,-23.42,-17.58,28.89,26.5,31.28
2026-08-17,"New York Times",100,8,34,58,8,34,-26,TRUE,-21.03,-24.29,-17.78,29.72,27.05,32.39
2026-08-24,"New York Times",94,12,31,51,12.77,32.98,-20.21,TRUE,-21.64,-25.29,-17.98,30.63,27.64,33.62
2026-08-31,"New York Times",76,4,25,47,5.26,32.89,-27.63,TRUE,-22.29,-26.39,-18.18,31.61,28.24,34.97
2026-09-07,"New York Times",110,12,36,62,10.91,32.73,-21.82,TRUE,-22.98,-27.59,-18.37,32.64,28.86,36.42
2026-08-17,"Politico",65,5,26,34,7.69,40,-32.31,TRUE,-32.31,NA,NA,40,NA,NA
2026-08-24,"Politico",48,5,12,31,10.42,25,-14.58,TRUE,-14.58,NA,NA,25,NA,NA
2026-08-31,"Politico",66,7,24,35,10.61,36.36,-25.75,TRUE,-25.75,NA,NA,36.36,NA,NA
2026-09-07,"Politico",53,1,11,41,1.89,20.75,-18.86,TRUE,-18.86,NA,NA,20.75,NA,NA
2024-12-30,"Reuters",127,14,23,90,11.02,18.11,-7.09,TRUE,-7.38,-10.24,-4.53,17.59,15.28,19.91
2025-01-06,"Reuters",893,91,159,643,10.19,17.81,-7.62,TRUE,-7.8,-10.33,-5.28,17.98,15.94,20.02
2025-01-13,"Reuters",912,103,151,658,11.29,16.56,-5.27,TRUE,-8.19,-10.42,-5.96,18.33,16.53,20.13
2025-01-20,"Reuters",1449,148,233,1068,10.21,16.08,-5.87,TRUE,-8.53,-10.5,-6.55,18.65,17.05,20.24
2025-01-27,"Reuters",1096,100,201,795,9.12,18.34,-9.22,TRUE,-8.8,-10.57,-7.03,18.91,17.48,20.34
2025-02-03,"Reuters",1437,145,310,982,10.09,21.57,-11.48,TRUE,-9.01,-10.62,-7.41,19.13,17.83,20.43
2025-02-10,"Reuters",1390,143,255,992,10.29,18.35,-8.06,TRUE,-9.18,-10.67,-7.69,19.31,18.1,20.51
2025-02-17,"Reuters",1061,108,200,753,10.18,18.85,-8.67,TRUE,-9.3,-10.72,-7.89,19.45,18.3,20.59
2025-02-24,"Reuters",1116,101,240,775,9.05,21.51,-12.46,TRUE,-9.39,-10.77,-8.01,19.56,18.44,20.67
2025-03-03,"Reuters",1316,127,241,948,9.65,18.31,-8.66,TRUE,-9.45,-10.82,-8.08,19.64,18.54,20.75
2025-03-10,"Reuters",205,21,48,136,10.24,23.41,-13.17,TRUE,-9.46,-10.84,-8.08,19.69,18.58,20.81
2025-03-17,"Reuters",11,0,2,9,0,18.18,-18.18,FALSE,NA,NA,NA,NA,NA,NA
2025-03-24,"Reuters",764,55,165,544,7.2,21.6,-14.4,TRUE,-9.21,-10.65,-7.76,19.6,18.43,20.77
2025-03-31,"Reuters",1608,146,402,1060,9.08,25,-15.92,TRUE,-9.06,-10.53,-7.6,19.52,18.34,20.7
2025-04-07,"Reuters",1695,172,369,1154,10.15,21.77,-11.62,TRUE,-8.92,-10.4,-7.43,19.43,18.23,20.63
2025-04-14,"Reuters",1156,124,230,802,10.73,19.9,-9.17,TRUE,-8.67,-10.17,-7.18,19.26,18.05,20.47
2025-04-21,"Reuters",1210,135,240,835,11.16,19.83,-8.67,TRUE,-8.28,-9.78,-6.78,18.99,17.78,20.21
2025-04-28,"Reuters",1107,138,209,760,12.47,18.88,-6.41,TRUE,-7.81,-9.33,-6.29,18.67,17.45,19.9
2025-05-05,"Reuters",1149,147,155,847,12.79,13.49,-0.7,TRUE,-7.36,-8.91,-5.82,18.35,17.1,19.6
2025-05-12,"Reuters",1058,114,157,787,10.78,14.84,-4.06,TRUE,-7.01,-8.57,-5.45,18.08,16.82,19.34
2025-05-19,"Reuters",984,94,177,713,9.55,17.99,-8.44,TRUE,-6.68,-8.21,-5.14,17.81,16.56,19.05
2025-05-26,"Reuters",970,113,186,671,11.65,19.18,-7.53,TRUE,-6.29,-7.79,-4.78,17.47,16.25,18.68
2025-06-02,"Reuters",992,112,182,698,11.29,18.35,-7.06,TRUE,-5.89,-7.39,-4.39,17.11,15.9,18.33
2025-06-09,"Reuters",873,89,131,653,10.19,15.01,-4.82,TRUE,-5.54,-7.07,-4.01,16.79,15.55,18.02
2025-06-16,"Reuters",909,88,159,662,9.68,17.49,-7.81,TRUE,-5.3,-6.85,-3.74,16.53,15.28,17.79
2025-06-23,"Reuters",973,97,138,738,9.97,14.18,-4.21,TRUE,-5.23,-6.76,-3.69,16.38,15.14,17.62
2025-06-30,"Reuters",851,121,150,580,14.22,17.63,-3.41,TRUE,-5.3,-6.81,-3.8,16.29,15.07,17.51
2025-07-07,"Reuters",1118,115,223,780,10.29,19.95,-9.66,TRUE,-5.45,-6.95,-3.94,16.24,15.02,17.46
2025-07-14,"Reuters",1090,124,180,786,11.38,16.51,-5.13,TRUE,-5.57,-7.1,-4.04,16.19,14.95,17.43
2025-07-21,"Reuters",1041,134,166,741,12.87,15.95,-3.08,TRUE,-5.59,-7.14,-4.04,16.1,14.85,17.36
2025-07-28,"Reuters",1200,146,209,845,12.17,17.42,-5.25,TRUE,-5.55,-7.08,-4.02,16.01,14.77,17.24
2025-08-04,"Reuters",1063,120,144,799,11.29,13.55,-2.26,TRUE,-5.55,-7.05,-4.05,15.95,14.73,17.16
2025-08-11,"Reuters",1001,106,154,741,10.59,15.38,-4.79,TRUE,-5.56,-7.06,-4.06,15.9,14.68,17.11
2025-08-18,"Reuters",885,80,105,700,9.04,11.86,-2.82,TRUE,-5.55,-7.08,-4.02,15.83,14.59,17.07
2025-08-25,"Reuters",843,53,167,623,6.29,19.81,-13.52,TRUE,-5.49,-7.04,-3.95,15.73,14.47,16.98
2025-09-01,"Reuters",821,83,134,604,10.11,16.32,-6.21,TRUE,-5.38,-6.91,-3.85,15.57,14.33,16.81
2025-09-08,"Reuters",781,72,125,584,9.22,16.01,-6.79,TRUE,-5.22,-6.72,-3.72,15.38,14.17,16.59
2025-09-15,"Reuters",858,81,122,655,9.44,14.22,-4.78,TRUE,-5.05,-6.55,-3.55,15.18,13.96,16.39
2025-09-22,"Reuters",965,89,142,734,9.22,14.72,-5.5,TRUE,-4.9,-6.42,-3.37,14.99,13.75,16.23
2025-09-29,"Reuters",779,89,112,578,11.42,14.38,-2.96,TRUE,-4.77,-6.32,-3.22,14.84,13.59,16.09
2025-10-06,"Reuters",659,47,108,504,7.13,16.39,-9.26,TRUE,-4.62,-6.15,-3.09,14.69,13.46,15.93
2025-10-13,"Reuters",883,94,145,644,10.65,16.42,-5.77,TRUE,-4.4,-5.91,-2.9,14.52,13.3,15.73
2025-10-20,"Reuters",885,120,134,631,13.56,15.14,-1.58,TRUE,-4.17,-5.67,-2.67,14.34,13.12,15.55
2025-10-27,"Reuters",878,121,126,631,13.78,14.35,-0.57,TRUE,-3.97,-5.5,-2.44,14.19,12.95,15.43
2025-11-03,"Reuters",658,72,110,476,10.94,16.72,-5.78,TRUE,-3.85,-5.4,-2.31,14.1,12.84,15.35
2025-11-10,"Reuters",640,61,70,509,9.53,10.94,-1.41,TRUE,-3.78,-5.31,-2.25,14.03,12.79,15.26
2025-11-17,"Reuters",649,59,99,491,9.09,15.25,-6.16,TRUE,-3.7,-5.2,-2.19,13.94,12.73,15.16
2025-11-24,"Reuters",508,39,64,405,7.68,12.6,-4.92,TRUE,-3.62,-5.12,-2.12,13.86,12.65,15.08
2025-12-01,"Reuters",627,80,75,472,12.76,11.96,0.8,TRUE,-3.59,-5.12,-2.06,13.82,12.58,15.06
2025-12-08,"Reuters",682,63,90,529,9.24,13.2,-3.96,TRUE,-3.61,-5.16,-2.06,13.84,12.58,15.09
2025-12-15,"Reuters",661,69,95,497,10.44,14.37,-3.93,TRUE,-3.75,-5.28,-2.22,13.94,12.71,15.18
2025-12-22,"Reuters",329,30,39,260,9.12,11.85,-2.73,TRUE,-4,-5.5,-2.5,14.12,12.91,15.34
2025-12-29,"Reuters",450,44,61,345,9.78,13.56,-3.78,TRUE,-4.29,-5.79,-2.79,14.35,13.13,15.56
2026-01-05,"Reuters",940,91,140,709,9.68,14.89,-5.21,TRUE,-4.58,-6.11,-3.05,14.56,13.33,15.8
2026-01-12,"Reuters",1067,97,159,811,9.09,14.9,-5.81,TRUE,-4.79,-6.34,-3.24,14.74,13.49,15.99
2026-01-19,"Reuters",1114,127,192,795,11.4,17.24,-5.84,TRUE,-4.97,-6.5,-3.45,14.94,13.7,16.17
2026-01-26,"Reuters",971,94,142,735,9.68,14.62,-4.94,TRUE,-5.2,-6.69,-3.7,15.2,13.99,16.41
2026-02-02,"Reuters",779,98,118,563,12.58,15.15,-2.57,TRUE,-5.43,-6.91,-3.96,15.48,14.28,16.67
2026-02-09,"Reuters",679,57,89,533,8.39,13.11,-4.72,TRUE,-5.65,-7.13,-4.17,15.73,14.53,16.93
2026-02-16,"Reuters",647,65,106,476,10.05,16.38,-6.33,TRUE,-5.82,-7.31,-4.34,15.9,14.7,17.1
2026-02-23,"Reuters",810,84,131,595,10.37,16.17,-5.8,TRUE,-5.94,-7.41,-4.48,16.02,14.83,17.2
2026-03-02,"Reuters",808,81,132,595,10.02,16.34,-6.32,TRUE,-6.04,-7.49,-4.6,16.13,14.96,17.3
2026-03-09,"Reuters",826,72,151,603,8.72,18.28,-9.56,TRUE,-6.13,-7.57,-4.69,16.23,15.07,17.39
2026-03-16,"Reuters",750,57,120,573,7.6,16,-8.4,TRUE,-6.23,-7.68,-4.79,16.33,15.16,17.5
2026-03-23,"Reuters",750,99,142,509,13.2,18.93,-5.73,TRUE,-6.35,-7.79,-4.91,16.42,15.25,17.59
2026-03-30,"Reuters",714,79,123,512,11.06,17.23,-6.17,TRUE,-6.47,-7.9,-5.05,16.5,15.34,17.65
2026-04-06,"Reuters",798,77,138,583,9.65,17.29,-7.64,TRUE,-6.59,-8,-5.18,16.55,15.41,17.7
2026-04-13,"Reuters",810,106,129,575,13.09,15.93,-2.84,TRUE,-6.72,-8.14,-5.3,16.62,15.47,17.77
2026-04-20,"Reuters",740,58,107,575,7.84,14.46,-6.62,TRUE,-6.89,-8.32,-5.45,16.73,15.57,17.89
2026-04-27,"Reuters",552,44,105,403,7.97,19.02,-11.05,TRUE,-7.11,-8.56,-5.67,16.89,15.72,18.07
2026-05-04,"Reuters",642,74,93,475,11.53,14.49,-2.96,TRUE,-7.38,-8.84,-5.93,17.11,15.93,18.28
2026-05-11,"Reuters",782,85,132,565,10.87,16.88,-6.01,TRUE,-7.66,-9.12,-6.2,17.32,16.14,18.5
2026-05-18,"Reuters",692,55,108,529,7.95,15.61,-7.66,TRUE,-7.95,-9.42,-6.48,17.55,16.36,18.74
2026-05-25,"Reuters",507,54,76,377,10.65,14.99,-4.34,TRUE,-8.26,-9.74,-6.78,17.79,16.6,18.99
2026-06-01,"Reuters",616,50,100,466,8.12,16.23,-8.11,TRUE,-8.59,-10.08,-7.1,18.05,16.85,19.26
2026-06-08,"Reuters",672,62,137,473,9.23,20.39,-11.16,TRUE,-8.95,-10.45,-7.44,18.33,17.11,19.54
2026-06-15,"Reuters",442,38,57,347,8.6,12.9,-4.3,TRUE,-12.9,-15.35,-10.46,21.4,19.42,23.37
2026-07-13,"Reuters",1,1,0,0,100,0,100,FALSE,NA,NA,NA,NA,NA,NA
2026-08-10,"Reuters",11,1,1,9,9.09,9.09,0,FALSE,NA,NA,NA,NA,NA,NA
2026-08-17,"Reuters",74,6,21,47,8.11,28.38,-20.27,TRUE,-14.57,-17.75,-11.38,22.7,20.12,25.27
2026-08-24,"Reuters",69,7,18,44,10.14,26.09,-15.95,TRUE,-7.38,-10.24,-4.53,17.59,15.28,19.91
2026-08-31,"Reuters",74,7,12,55,9.46,16.22,-6.76,TRUE,-7.8,-10.33,-5.28,17.98,15.94,20.02
2026-09-07,"Reuters",80,5,17,58,6.25,21.25,-15,TRUE,-8.19,-10.42,-5.96,18.33,16.53,20.13
2024-12-30,"USA Today",90,6,12,72,6.67,13.33,-6.66,TRUE,-10.73,-14.57,-6.89,17.37,14.28,20.46
2025-01-06,"USA Today",192,13,48,131,6.77,25,-18.23,TRUE,-11.59,-15.01,-8.16,18.09,15.34,20.84
2025-01-13,"USA Today",281,20,48,213,7.12,17.08,-9.96,TRUE,-12.39,-15.43,-9.35,18.77,16.32,21.21
2025-01-20,"USA Today",325,20,44,261,6.15,13.54,-7.39,TRUE,-13.14,-15.85,-10.42,19.39,17.21,21.57
2025-01-27,"USA Today",262,15,48,199,5.73,18.32,-12.59,TRUE,-13.81,-16.24,-11.38,19.96,18.01,21.92
2025-02-03,"USA Today",274,23,57,194,8.39,20.8,-12.41,TRUE,-14.4,-16.6,-12.19,20.47,18.7,22.24
2025-02-10,"USA Today",257,15,63,179,5.84,24.51,-18.67,TRUE,-14.9,-16.93,-12.87,20.91,19.28,22.55
2025-02-17,"USA Today",228,14,47,167,6.14,20.61,-14.47,TRUE,-15.34,-17.24,-13.43,21.3,19.77,22.83
2025-02-24,"USA Today",245,15,57,173,6.12,23.27,-17.15,TRUE,-15.7,-17.53,-13.87,21.64,20.17,23.1
2025-03-03,"USA Today",287,18,53,216,6.27,18.47,-12.2,TRUE,-16.02,-17.81,-14.22,21.92,20.48,23.36
2025-03-10,"USA Today",239,9,64,166,3.77,26.78,-23.01,TRUE,-16.28,-18.06,-14.49,22.17,20.74,23.6
2025-03-17,"USA Today",256,8,51,197,3.12,19.92,-16.8,TRUE,-16.5,-18.3,-14.7,22.38,20.93,23.82
2025-03-24,"USA Today",275,12,67,196,4.36,24.36,-20,TRUE,-16.65,-18.48,-14.82,22.53,21.06,24
2025-03-31,"USA Today",303,17,91,195,5.61,30.03,-24.42,TRUE,-16.71,-18.57,-14.86,22.62,21.13,24.11
2025-04-07,"USA Today",268,19,73,176,7.09,27.24,-20.15,TRUE,-16.71,-18.59,-14.82,22.65,21.14,24.17
2025-04-14,"USA Today",221,4,55,162,1.81,24.89,-23.08,TRUE,-16.66,-18.57,-14.74,22.65,21.11,24.18
2025-04-21,"USA Today",229,9,52,168,3.93,22.71,-18.78,TRUE,-16.57,-18.51,-14.64,22.61,21.05,24.16
2025-04-28,"USA Today",259,20,61,178,7.72,23.55,-15.83,TRUE,-16.49,-18.44,-14.53,22.56,20.98,24.13
2025-05-05,"USA Today",237,20,51,166,8.44,21.52,-13.08,TRUE,-16.25,-18.21,-14.29,22.4,20.82,23.98
2025-05-12,"USA Today",201,14,35,152,6.97,17.41,-10.44,TRUE,-15.8,-17.76,-13.83,22.1,20.52,23.68
2025-05-19,"USA Today",217,11,50,156,5.07,23.04,-17.97,TRUE,-15.24,-17.23,-13.25,21.72,20.13,23.32
2025-05-26,"USA Today",172,10,34,128,5.81,19.77,-13.96,TRUE,-14.72,-16.74,-12.69,21.35,19.73,22.98
2025-06-02,"USA Today",241,13,48,180,5.39,19.92,-14.53,TRUE,-14.34,-16.39,-12.29,21.06,19.42,22.71
2025-06-09,"USA Today",293,20,49,224,6.83,16.72,-9.89,TRUE,-14.02,-16.05,-12,20.78,19.15,22.41
2025-06-16,"USA Today",206,14,47,145,6.8,22.82,-16.02,TRUE,-13.62,-15.61,-11.63,20.42,18.82,22.01
2025-06-23,"USA Today",232,17,47,168,7.33,20.26,-12.93,TRUE,-13.19,-15.16,-11.22,20.01,18.43,21.59
2025-06-30,"USA Today",183,21,36,126,11.48,19.67,-8.19,TRUE,-12.78,-14.77,-10.79,19.61,18.01,21.21
2025-07-07,"USA Today",239,17,39,183,7.11,16.32,-9.21,TRUE,-12.44,-14.47,-10.41,19.26,17.63,20.89
2025-07-14,"USA Today",218,11,49,158,5.05,22.48,-17.43,TRUE,-12.23,-14.28,-10.18,19,17.35,20.65
2025-07-21,"USA Today",230,18,40,172,7.83,17.39,-9.56,TRUE,-12.16,-14.19,-10.13,18.82,17.19,20.45
2025-07-28,"USA Today",213,17,38,158,7.98,17.84,-9.86,TRUE,-12.2,-14.2,-10.2,18.68,17.07,20.28
2025-08-04,"USA Today",199,14,40,145,7.04,20.1,-13.06,TRUE,-12.3,-14.3,-10.31,18.56,16.96,20.17
2025-08-11,"USA Today",173,10,42,121,5.78,24.28,-18.5,TRUE,-12.42,-14.44,-10.39,18.47,16.84,20.1
2025-08-18,"USA Today",188,14,25,149,7.45,13.3,-5.85,TRUE,-12.49,-14.54,-10.44,18.38,16.73,20.03
2025-08-25,"USA Today",187,9,32,146,4.81,17.11,-12.3,TRUE,-12.61,-14.64,-10.58,18.32,16.69,19.95
2025-09-01,"USA Today",173,7,32,134,4.05,18.5,-14.45,TRUE,-12.83,-14.82,-10.84,18.31,16.71,19.9
2025-09-08,"USA Today",217,6,45,166,2.76,20.74,-17.98,TRUE,-13.11,-15.08,-11.14,18.32,16.74,19.9
2025-09-15,"USA Today",217,9,36,172,4.15,16.59,-12.44,TRUE,-13.4,-15.39,-11.41,18.35,16.75,19.94
2025-09-22,"USA Today",231,8,40,183,3.46,17.32,-13.86,TRUE,-13.65,-15.68,-11.62,18.37,16.74,20
2025-09-29,"USA Today",190,8,33,149,4.21,17.37,-13.16,TRUE,-13.8,-15.85,-11.76,18.36,16.72,20.01
2025-10-06,"USA Today",184,9,38,137,4.89,20.65,-15.76,TRUE,-13.9,-15.92,-11.87,18.35,16.72,19.97
2025-10-13,"USA Today",186,6,32,148,3.23,17.2,-13.97,TRUE,-13.99,-15.98,-11.99,18.34,16.73,19.94
2025-10-20,"USA Today",209,11,36,162,5.26,17.22,-11.96,TRUE,-14.07,-16.07,-12.07,18.34,16.73,19.94
2025-10-27,"USA Today",179,11,33,135,6.15,18.44,-12.29,TRUE,-14.15,-16.18,-12.12,18.34,16.71,19.97
2025-11-03,"USA Today",222,13,43,166,5.86,19.37,-13.51,TRUE,-14.22,-16.27,-12.17,18.35,16.71,20
2025-11-10,"USA Today",222,7,38,177,3.15,17.12,-13.97,TRUE,-14.25,-16.28,-12.22,18.36,16.73,19.98
2025-11-17,"USA Today",178,9,31,138,5.06,17.42,-12.36,TRUE,-14.22,-16.21,-12.23,18.34,16.74,19.93
2025-11-24,"USA Today",131,2,26,103,1.53,19.85,-18.32,TRUE,-14.17,-16.14,-12.2,18.32,16.74,19.9
2025-12-01,"USA Today",198,7,42,149,3.54,21.21,-17.67,TRUE,-14.12,-16.11,-12.13,18.32,16.72,19.92
2025-12-08,"USA Today",192,5,44,143,2.6,22.92,-20.32,TRUE,-14.11,-16.14,-12.08,18.35,16.72,19.98
2025-12-15,"USA Today",181,4,34,143,2.21,18.78,-16.57,TRUE,-14.17,-16.22,-12.12,18.44,16.79,20.09
2025-12-22,"USA Today",84,6,15,63,7.14,17.86,-10.72,TRUE,-14.33,-16.36,-12.3,18.62,16.99,20.25
2025-12-29,"USA Today",121,11,16,94,9.09,13.22,-4.13,TRUE,-14.57,-16.57,-12.57,18.87,17.27,20.48
2026-01-05,"USA Today",228,12,47,169,5.26,20.61,-15.35,TRUE,-14.84,-16.83,-12.84,19.16,17.56,20.77
2026-01-12,"USA Today",224,10,45,169,4.46,20.09,-15.63,TRUE,-15.07,-17.1,-13.04,19.43,17.8,21.05
2026-01-19,"USA Today",215,9,39,167,4.19,18.14,-13.95,TRUE,-15.21,-17.26,-13.16,19.61,17.97,21.26
2026-01-26,"USA Today",224,4,37,183,1.79,16.52,-14.73,TRUE,-15.32,-17.35,-13.29,19.79,18.16,21.42
2026-02-02,"USA Today",199,4,28,167,2.01,14.07,-12.06,TRUE,-15.46,-17.45,-13.48,20.03,18.43,21.63
2026-02-09,"USA Today",161,8,32,121,4.97,19.88,-14.91,TRUE,-15.62,-17.59,-13.65,20.29,18.71,21.87
2026-02-16,"USA Today",173,11,37,125,6.36,21.39,-15.03,TRUE,-15.75,-17.74,-13.76,20.53,18.93,22.13
2026-02-23,"USA Today",265,13,57,195,4.91,21.51,-16.6,TRUE,-15.83,-17.86,-13.81,20.72,19.09,22.35
2026-03-02,"USA Today",230,10,54,166,4.35,23.48,-19.13,TRUE,-15.83,-17.88,-13.78,20.81,19.17,22.46
2026-03-09,"USA Today",180,7,36,137,3.89,20,-16.11,TRUE,-15.74,-17.77,-13.72,20.83,19.2,22.45
2026-03-16,"USA Today",156,9,39,108,5.77,25,-19.23,TRUE,-15.6,-17.59,-13.6,20.8,19.19,22.4
2026-03-23,"USA Today",186,9,33,144,4.84,17.74,-12.9,TRUE,-15.42,-17.42,-13.43,20.75,19.15,22.35
2026-03-30,"USA Today",178,8,52,118,4.49,29.21,-24.72,TRUE,-15.25,-17.28,-13.23,20.7,19.07,22.33
2026-04-06,"USA Today",170,11,50,109,6.47,29.41,-22.94,TRUE,-15.12,-17.17,-13.07,20.66,19.01,22.3
2026-04-13,"USA Today",187,12,36,139,6.42,19.25,-12.83,TRUE,-14.95,-16.98,-12.92,20.58,18.94,22.21
2026-04-20,"USA Today",165,11,33,121,6.67,20,-13.33,TRUE,-14.7,-16.7,-12.71,20.42,18.81,22.02
2026-04-27,"USA Today",221,11,38,172,4.98,17.19,-12.21,TRUE,-14.42,-16.38,-12.45,20.22,18.64,21.8
2026-05-04,"USA Today",168,15,28,125,8.93,16.67,-7.74,TRUE,-14.15,-16.1,-12.2,20.04,18.47,21.61
2026-05-11,"USA Today",190,11,33,146,5.79,17.37,-11.58,TRUE,-13.94,-15.89,-11.99,19.9,18.34,21.47
2026-05-18,"USA Today",198,9,42,147,4.55,21.21,-16.66,TRUE,-13.85,-15.79,-11.91,19.87,18.31,21.43
2026-05-25,"USA Today",166,12,26,128,7.23,15.66,-8.43,TRUE,-13.82,-15.74,-11.91,19.89,18.35,21.42
2026-06-01,"USA Today",180,12,34,134,6.67,18.89,-12.22,TRUE,-13.79,-15.67,-11.9,19.89,18.38,21.41
2026-06-08,"USA Today",235,10,36,189,4.26,15.32,-11.06,TRUE,-13.76,-15.62,-11.9,19.9,18.41,21.39
2026-06-15,"USA Today",169,6,34,129,3.55,20.12,-16.57,TRUE,-13.77,-15.59,-11.94,19.94,18.47,21.41
2026-06-22,"USA Today",173,16,31,126,9.25,17.92,-8.67,TRUE,-13.83,-15.63,-12.02,20.02,18.57,21.47
2026-06-29,"USA Today",183,17,26,140,9.29,14.21,-4.92,TRUE,-13.92,-15.71,-12.14,20.13,18.7,21.56
2026-07-06,"USA Today",183,11,40,132,6.01,21.86,-15.85,TRUE,-14.04,-15.83,-12.25,20.25,18.81,21.69
2026-07-13,"USA Today",194,4,45,145,2.06,23.2,-21.14,TRUE,-14.18,-16.01,-12.35,20.39,18.92,21.86
2026-07-20,"USA Today",172,8,30,134,4.65,17.44,-12.79,TRUE,-14.35,-16.25,-12.44,20.54,19.01,22.08
2026-07-27,"USA Today",168,14,34,120,8.33,20.24,-11.91,TRUE,-14.55,-16.58,-12.52,20.73,19.1,22.36
2026-08-03,"USA Today",139,13,30,96,9.35,21.58,-12.23,TRUE,-14.79,-17,-12.59,20.95,19.17,22.72
2026-08-10,"USA Today",116,4,25,87,3.45,21.55,-18.1,TRUE,-15.09,-17.52,-12.66,21.21,19.25,23.16
2026-08-17,"USA Today",156,6,44,106,3.85,28.21,-24.36,TRUE,-15.43,-18.14,-12.72,21.51,19.33,23.69
2026-08-24,"USA Today",188,13,39,136,6.91,20.74,-13.83,TRUE,-15.82,-18.86,-12.77,21.84,19.4,24.29
2026-08-31,"USA Today",169,14,34,121,8.28,20.12,-11.84,TRUE,-16.23,-19.66,-12.81,22.2,19.46,24.95
2026-09-07,"USA Today",163,8,39,116,4.91,23.93,-19.02,TRUE,-16.68,-20.52,-12.83,22.58,19.49,25.67
2026-06-08,"Washington Post",5,0,0,5,0,0,0,FALSE,NA,NA,NA,NA,NA,NA
2026-06-15,"Washington Post",12,1,2,9,8.33,16.67,-8.34,FALSE,NA,NA,NA,NA,NA,NA
2026-06-22,"Washington Post",1,1,0,0,100,0,100,FALSE,NA,NA,NA,NA,NA,NA
2026-08-10,"Washington Post",17,0,7,10,0,41.18,-41.18,FALSE,NA,NA,NA,NA,NA,NA
2026-08-17,"Washington Post",96,3,36,57,3.12,37.5,-34.38,TRUE,-34.38,NA,NA,37.5,NA,NA
2026-08-24,"Washington Post",100,14,37,49,14,37,-23,TRUE,-23,NA,NA,37,NA,NA
2026-08-31,"Washington Post",110,8,33,69,7.27,30,-22.73,TRUE,-22.73,NA,NA,30,NA,NA
2026-09-07,"Washington Post",100,7,34,59,7,34,-27,TRUE,-27,NA,NA,34,NA,NA
